-- MySQL dump 10.13  Distrib 8.0.31, for macos12 (x86_64)
--
-- Host: 127.0.0.1    Database: reoit-ecommerce
-- ------------------------------------------------------
-- Server version	8.0.31

/*!40101 SET @OLD_CHARACTER_SET_CLIENT=@@CHARACTER_SET_CLIENT */;
/*!40101 SET @OLD_CHARACTER_SET_RESULTS=@@CHARACTER_SET_RESULTS */;
/*!40101 SET @OLD_COLLATION_CONNECTION=@@COLLATION_CONNECTION */;
/*!50503 SET NAMES utf8 */;
/*!40103 SET @OLD_TIME_ZONE=@@TIME_ZONE */;
/*!40103 SET TIME_ZONE='+00:00' */;
/*!40014 SET @OLD_UNIQUE_CHECKS=@@UNIQUE_CHECKS, UNIQUE_CHECKS=0 */;
/*!40014 SET @OLD_FOREIGN_KEY_CHECKS=@@FOREIGN_KEY_CHECKS, FOREIGN_KEY_CHECKS=0 */;
/*!40101 SET @OLD_SQL_MODE=@@SQL_MODE, SQL_MODE='NO_AUTO_VALUE_ON_ZERO' */;
/*!40111 SET @OLD_SQL_NOTES=@@SQL_NOTES, SQL_NOTES=0 */;

--
-- Table structure for table `Addresses`
--

DROP TABLE IF EXISTS `Addresses`;
/*!40101 SET @saved_cs_client     = @@character_set_client */;
/*!50503 SET character_set_client = utf8mb4 */;
CREATE TABLE `Addresses` (
  `id` char(36) CHARACTER SET utf8mb4 COLLATE utf8mb4_bin NOT NULL,
  `phoneNumber` varchar(255) CHARACTER SET utf8mb4 COLLATE utf8mb4_unicode_ci DEFAULT NULL,
  `province` varchar(255) CHARACTER SET utf8mb4 COLLATE utf8mb4_unicode_ci NOT NULL,
  `district` varchar(255) CHARACTER SET utf8mb4 COLLATE utf8mb4_unicode_ci NOT NULL,
  `ward` varchar(255) CHARACTER SET utf8mb4 COLLATE utf8mb4_unicode_ci NOT NULL,
  `country` varchar(255) CHARACTER SET utf8mb4 COLLATE utf8mb4_unicode_ci DEFAULT 'Việt Nam',
  `residence` varchar(255) CHARACTER SET utf8mb4 COLLATE utf8mb4_unicode_ci DEFAULT NULL,
  `fullName` varchar(255) CHARACTER SET utf8mb4 COLLATE utf8mb4_unicode_ci NOT NULL,
  `note` varchar(255) CHARACTER SET utf8mb4 COLLATE utf8mb4_unicode_ci DEFAULT NULL,
  `using` tinyint(1) DEFAULT '0',
  `userId` char(36) CHARACTER SET utf8mb4 COLLATE utf8mb4_bin NOT NULL,
  `createdAt` datetime DEFAULT NULL,
  `updatedAt` datetime DEFAULT NULL,
  PRIMARY KEY (`id`),
  KEY `userId` (`userId`),
  CONSTRAINT `addresses_ibfk_1` FOREIGN KEY (`userId`) REFERENCES `users` (`id`) ON DELETE CASCADE ON UPDATE CASCADE
) ENGINE=InnoDB DEFAULT CHARSET=utf8mb4 COLLATE=utf8mb4_unicode_ci;
/*!40101 SET character_set_client = @saved_cs_client */;

--
-- Dumping data for table `Addresses`
--

LOCK TABLES `Addresses` WRITE;
/*!40000 ALTER TABLE `Addresses` DISABLE KEYS */;
/*!40000 ALTER TABLE `Addresses` ENABLE KEYS */;
UNLOCK TABLES;

--
-- Table structure for table `Caches`
--

DROP TABLE IF EXISTS `Caches`;
/*!40101 SET @saved_cs_client     = @@character_set_client */;
/*!50503 SET character_set_client = utf8mb4 */;
CREATE TABLE `Caches` (
  `id` char(36) CHARACTER SET utf8mb4 COLLATE utf8mb4_bin NOT NULL,
  `data` json DEFAULT NULL,
  `key` varchar(255) CHARACTER SET utf8mb4 COLLATE utf8mb4_unicode_ci NOT NULL,
  `createdAt` datetime DEFAULT NULL,
  `updatedAt` datetime DEFAULT NULL,
  PRIMARY KEY (`id`),
  UNIQUE KEY `key` (`key`)
) ENGINE=InnoDB DEFAULT CHARSET=utf8mb4 COLLATE=utf8mb4_unicode_ci;
/*!40101 SET character_set_client = @saved_cs_client */;

--
-- Dumping data for table `Caches`
--

LOCK TABLES `Caches` WRITE;
/*!40000 ALTER TABLE `Caches` DISABLE KEYS */;
INSERT INTO `Caches` VALUES ('04b6d15a-a26a-481c-a938-5ab841fc59bb','\"{\\\"id\\\":\\\"bb40b3d0-f8ef-4eb7-88b0-3339979a405a\\\",\\\"name\\\":\\\"Macbook Air M2 13 inch 2022 8CPU 8GPU 256GB RAM 16GB Chính hãng VN\\\",\\\"image\\\":\\\"https://res.cloudinary.com/dkkh1gtoj/image/upload/v1698045767/viettaiit-ecommerce/products/5_qnr84q.webp\\\",\\\"slug\\\":\\\"macbook-air-m2-13-inch-2022-8cpu-8gpu-256gb-ram-16gb-chinh-hang-vn\\\",\\\"description\\\":\\\"Được hỗ trợ 1 đổi 1 trong 7 ngày nếu có lỗi từ nhà sản xuất\\\",\\\"discount\\\":12,\\\"price\\\":23000000,\\\"categoryId\\\":\\\"4dfe0b0c-eece-477e-aa19-2c15b51d1faa\\\",\\\"providerId\\\":\\\"8f24916a-cf31-4b04-a2e3-95d4d8abaa12\\\",\\\"productItems\\\":[{\\\"id\\\":\\\"12b2d72b-d594-40b8-9bee-16918fbed08b\\\",\\\"qtyInStock\\\":12,\\\"isSpecial\\\":false,\\\"image\\\":\\\"https://res.cloudinary.com/dkkh1gtoj/image/upload/v1698043874/viettaiit-ecommerce/products/hd1o4rzhvhn0kpuuvvsp.jpg\\\",\\\"colorId\\\":\\\"922b2665-dc8b-4673-ae62-35a0678c817b\\\",\\\"productId\\\":\\\"bb40b3d0-f8ef-4eb7-88b0-3339979a405a\\\",\\\"color\\\":{\\\"id\\\":\\\"922b2665-dc8b-4673-ae62-35a0678c817b\\\",\\\"value\\\":\\\"violet\\\"}},{\\\"id\\\":\\\"8595bdfe-21ea-4f32-882c-baefc618a383\\\",\\\"qtyInStock\\\":321,\\\"isSpecial\\\":false,\\\"image\\\":\\\"https://res.cloudinary.com/dkkh1gtoj/image/upload/v1698045767/viettaiit-ecommerce/products/5_qnr84q.webp\\\",\\\"colorId\\\":\\\"6620d40e-35a5-4214-8bba-ed225c29ff1b\\\",\\\"productId\\\":\\\"bb40b3d0-f8ef-4eb7-88b0-3339979a405a\\\",\\\"color\\\":{\\\"id\\\":\\\"6620d40e-35a5-4214-8bba-ed225c29ff1b\\\",\\\"value\\\":\\\"yellow\\\"}},{\\\"id\\\":\\\"92ca909e-85f3-4f64-ad95-d0543662cc80\\\",\\\"qtyInStock\\\":322,\\\"isSpecial\\\":true,\\\"image\\\":\\\"https://res.cloudinary.com/dkkh1gtoj/image/upload/v1698043874/viettaiit-ecommerce/products/ikrdeexjsbxderiz9grk.jpg\\\",\\\"colorId\\\":\\\"6d6135af-2423-48b0-a572-dce7306fb1c3\\\",\\\"productId\\\":\\\"bb40b3d0-f8ef-4eb7-88b0-3339979a405a\\\",\\\"color\\\":{\\\"id\\\":\\\"6d6135af-2423-48b0-a572-dce7306fb1c3\\\",\\\"value\\\":\\\"gray\\\"}}],\\\"category\\\":{\\\"id\\\":\\\"4dfe0b0c-eece-477e-aa19-2c15b51d1faa\\\",\\\"categoryName\\\":\\\"Mac\\\",\\\"image\\\":\\\"https://res.cloudinary.com/dkkh1gtoj/image/upload/v1697898562/viettaiit-ecommerce/categories/yuh4hmscqk75nqod6dkr.png\\\"},\\\"provider\\\":{\\\"id\\\":\\\"8f24916a-cf31-4b04-a2e3-95d4d8abaa12\\\",\\\"providerName\\\":\\\"Apple\\\"}}\"','product-detail-name:macbook-air-m2-13-inch-2022-8cpu-8gpu-256gb-ram-16gb-chinh-hang-vn','2023-10-29 20:41:35','2023-10-29 20:41:35'),('055dbb7b-f700-41de-b5cd-6968341032e5','\"{\\\"id\\\":\\\"ba70e636-2a66-402e-bec6-d50e50763976\\\",\\\"name\\\":\\\"iPad 10.2 512GB 5G - Chính hãng VN\\\",\\\"image\\\":\\\"https://res.cloudinary.com/dkkh1gtoj/image/upload/v1698046173/viettaiit-ecommerce/products/n16swgulttlew5dzdyvj.jpg\\\",\\\"slug\\\":\\\"ipad-102-512gb-5g-chinh-hang-vn\\\",\\\"description\\\":\\\"Được hỗ trợ 1 đổi 1 trong 30 ngày nếu có lỗi từ nhà sản xuất\\\",\\\"discount\\\":0,\\\"price\\\":1900000,\\\"categoryId\\\":\\\"5102c8b2-1dd5-481a-96e7-d61250f2ea05\\\",\\\"providerId\\\":\\\"8f24916a-cf31-4b04-a2e3-95d4d8abaa12\\\",\\\"productItems\\\":[{\\\"id\\\":\\\"bbb8fd49-d41f-47cf-9b72-f0e0a13efc91\\\",\\\"qtyInStock\\\":123,\\\"isSpecial\\\":true,\\\"image\\\":\\\"https://res.cloudinary.com/dkkh1gtoj/image/upload/v1698046173/viettaiit-ecommerce/products/n16swgulttlew5dzdyvj.jpg\\\",\\\"colorId\\\":\\\"6620d40e-35a5-4214-8bba-ed225c29ff1b\\\",\\\"productId\\\":\\\"ba70e636-2a66-402e-bec6-d50e50763976\\\",\\\"color\\\":{\\\"id\\\":\\\"6620d40e-35a5-4214-8bba-ed225c29ff1b\\\",\\\"value\\\":\\\"yellow\\\"}}],\\\"category\\\":{\\\"id\\\":\\\"5102c8b2-1dd5-481a-96e7-d61250f2ea05\\\",\\\"categoryName\\\":\\\"IPad\\\",\\\"image\\\":\\\"https://res.cloudinary.com/dkkh1gtoj/image/upload/v1698037897/viettaiit-ecommerce/categories/ipad_ff4r3b.webp\\\"},\\\"provider\\\":{\\\"id\\\":\\\"8f24916a-cf31-4b04-a2e3-95d4d8abaa12\\\",\\\"providerName\\\":\\\"Apple\\\"}}\"','product-detail-name:ipad-102-512gb-5g-chinh-hang-vn','2023-11-12 18:21:35','2023-11-12 18:21:35'),('0e54b514-33bd-4420-af8c-25d7272da19d','\"{\\\"page\\\":1,\\\"total\\\":6,\\\"totalPages\\\":1,\\\"data\\\":[{\\\"id\\\":\\\"c78609fe-09fe-4c4f-8be6-7ba89c309dc4\\\",\\\"name\\\":\\\"Apple Watch SE 2022 LTE 44mm - Chính hãng VN/A\\\",\\\"image\\\":\\\"https://res.cloudinary.com/dkkh1gtoj/image/upload/v1698044214/viettaiit-ecommerce/products/ct8us8eplfhzdg20ueme.jpg\\\",\\\"slug\\\":\\\"apple-watch-se-2022-lte-44mm-chinh-hang-vna\\\",\\\"description\\\":\\\"Được hỗ trợ 1 đổi 1 trong 30 ngày nếu có lỗi từ nhà sản xuất\\\",\\\"discount\\\":12,\\\"price\\\":12000000,\\\"createdAt\\\":\\\"2023-10-23T06:58:26.000Z\\\",\\\"updatedAt\\\":\\\"2023-10-23T06:58:26.000Z\\\",\\\"categoryId\\\":\\\"052c5089-4a6c-4d0a-b439-ef4e957df1b8\\\",\\\"providerId\\\":\\\"8f24916a-cf31-4b04-a2e3-95d4d8abaa12\\\",\\\"provider\\\":{\\\"id\\\":\\\"8f24916a-cf31-4b04-a2e3-95d4d8abaa12\\\",\\\"providerName\\\":\\\"Apple\\\"},\\\"category\\\":{\\\"id\\\":\\\"052c5089-4a6c-4d0a-b439-ef4e957df1b8\\\",\\\"categoryName\\\":\\\"Watch\\\",\\\"image\\\":\\\"https://res.cloudinary.com/dkkh1gtoj/image/upload/v1697898562/viettaiit-ecommerce/categories/xuabv3c3cowy0gbxguv0.png\\\"}},{\\\"id\\\":\\\"93394df3-30c1-4b97-abc0-8ad69cf9909d\\\",\\\"name\\\":\\\"Apple Watch S8 2022 LTE 44mm - Chính hãng VN/A\\\",\\\"image\\\":\\\"https://res.cloudinary.com/dkkh1gtoj/image/upload/v1698044275/viettaiit-ecommerce/products/g3ffpnjs1jl6aqrztq09.jpg\\\",\\\"slug\\\":\\\"apple-watch-s8-2022-lte-44mm-chinh-hang-vna\\\",\\\"description\\\":\\\"Được hỗ trợ 1 đổi 1 trong 30 ngày nếu có lỗi từ nhà sản xuất\\\",\\\"discount\\\":0,\\\"price\\\":15000000,\\\"createdAt\\\":\\\"2023-10-23T06:59:27.000Z\\\",\\\"updatedAt\\\":\\\"2023-10-23T06:59:27.000Z\\\",\\\"categoryId\\\":\\\"052c5089-4a6c-4d0a-b439-ef4e957df1b8\\\",\\\"providerId\\\":\\\"8f24916a-cf31-4b04-a2e3-95d4d8abaa12\\\",\\\"provider\\\":{\\\"id\\\":\\\"8f24916a-cf31-4b04-a2e3-95d4d8abaa12\\\",\\\"providerName\\\":\\\"Apple\\\"},\\\"category\\\":{\\\"id\\\":\\\"052c5089-4a6c-4d0a-b439-ef4e957df1b8\\\",\\\"categoryName\\\":\\\"Watch\\\",\\\"image\\\":\\\"https://res.cloudinary.com/dkkh1gtoj/image/upload/v1697898562/viettaiit-ecommerce/categories/xuabv3c3cowy0gbxguv0.png\\\"}},{\\\"id\\\":\\\"b929817a-b2dd-4ef8-8be7-e35c47a893f7\\\",\\\"name\\\":\\\"Apple Watch S3 2022 LTE 44mm - Chính hãng VN/A\\\",\\\"image\\\":\\\"https://res.cloudinary.com/dkkh1gtoj/image/upload/v1698044306/viettaiit-ecommerce/products/s5knbkcrdvpfi0stiqdy.jpg\\\",\\\"slug\\\":\\\"apple-watch-s3-2022-lte-44mm-chinh-hang-vna\\\",\\\"description\\\":\\\"Được hỗ trợ 1 đổi 1 trong 30 ngày nếu có lỗi từ nhà sản xuất\\\",\\\"discount\\\":2,\\\"price\\\":10000000,\\\"createdAt\\\":\\\"2023-10-23T06:59:58.000Z\\\",\\\"updatedAt\\\":\\\"2023-10-23T06:59:58.000Z\\\",\\\"categoryId\\\":\\\"052c5089-4a6c-4d0a-b439-ef4e957df1b8\\\",\\\"providerId\\\":\\\"8f24916a-cf31-4b04-a2e3-95d4d8abaa12\\\",\\\"provider\\\":{\\\"id\\\":\\\"8f24916a-cf31-4b04-a2e3-95d4d8abaa12\\\",\\\"providerName\\\":\\\"Apple\\\"},\\\"category\\\":{\\\"id\\\":\\\"052c5089-4a6c-4d0a-b439-ef4e957df1b8\\\",\\\"categoryName\\\":\\\"Watch\\\",\\\"image\\\":\\\"https://res.cloudinary.com/dkkh1gtoj/image/upload/v1697898562/viettaiit-ecommerce/categories/xuabv3c3cowy0gbxguv0.png\\\"}},{\\\"id\\\":\\\"d2682d25-17c2-4d9c-ae47-2cab05d3fee5\\\",\\\"name\\\":\\\"Apple Watch S6 2022 LTE 44mm - Chính hãng VN/A\\\",\\\"image\\\":\\\"https://res.cloudinary.com/dkkh1gtoj/image/upload/v1698044339/viettaiit-ecommerce/products/txzlnuyxvah0zdapnkbj.jpg\\\",\\\"slug\\\":\\\"apple-watch-s6-2022-lte-44mm-chinh-hang-vna\\\",\\\"description\\\":\\\"Được hỗ trợ 1 đổi 1 trong 30 ngày nếu có lỗi từ nhà sản xuất\\\",\\\"discount\\\":12,\\\"price\\\":32490000,\\\"createdAt\\\":\\\"2023-10-23T07:00:31.000Z\\\",\\\"updatedAt\\\":\\\"2023-10-23T07:00:31.000Z\\\",\\\"categoryId\\\":\\\"052c5089-4a6c-4d0a-b439-ef4e957df1b8\\\",\\\"providerId\\\":\\\"8f24916a-cf31-4b04-a2e3-95d4d8abaa12\\\",\\\"provider\\\":{\\\"id\\\":\\\"8f24916a-cf31-4b04-a2e3-95d4d8abaa12\\\",\\\"providerName\\\":\\\"Apple\\\"},\\\"category\\\":{\\\"id\\\":\\\"052c5089-4a6c-4d0a-b439-ef4e957df1b8\\\",\\\"categoryName\\\":\\\"Watch\\\",\\\"image\\\":\\\"https://res.cloudinary.com/dkkh1gtoj/image/upload/v1697898562/viettaiit-ecommerce/categories/xuabv3c3cowy0gbxguv0.png\\\"}},{\\\"id\\\":\\\"359b3c98-b1ad-4baa-b490-50f868a94e7b\\\",\\\"name\\\":\\\"Apple Watch S7 2022 LTE 44mm - Chính hãng VN/A\\\",\\\"image\\\":\\\"https://res.cloudinary.com/dkkh1gtoj/image/upload/v1698044362/viettaiit-ecommerce/products/gnr1ldapd9l6ufy6gdh6.jpg\\\",\\\"slug\\\":\\\"apple-watch-s7-2022-lte-44mm-chinh-hang-vna\\\",\\\"description\\\":\\\"Được hỗ trợ 1 đổi 1 trong 30 ngày nếu có lỗi từ nhà sản xuất\\\",\\\"discount\\\":0,\\\"price\\\":16000000,\\\"createdAt\\\":\\\"2023-10-23T07:00:54.000Z\\\",\\\"updatedAt\\\":\\\"2023-10-23T07:00:54.000Z\\\",\\\"categoryId\\\":\\\"052c5089-4a6c-4d0a-b439-ef4e957df1b8\\\",\\\"providerId\\\":\\\"8f24916a-cf31-4b04-a2e3-95d4d8abaa12\\\",\\\"provider\\\":{\\\"id\\\":\\\"8f24916a-cf31-4b04-a2e3-95d4d8abaa12\\\",\\\"providerName\\\":\\\"Apple\\\"},\\\"category\\\":{\\\"id\\\":\\\"052c5089-4a6c-4d0a-b439-ef4e957df1b8\\\",\\\"categoryName\\\":\\\"Watch\\\",\\\"image\\\":\\\"https://res.cloudinary.com/dkkh1gtoj/image/upload/v1697898562/viettaiit-ecommerce/categories/xuabv3c3cowy0gbxguv0.png\\\"}},{\\\"id\\\":\\\"716bb738-3faa-4779-8065-67f200850004\\\",\\\"name\\\":\\\"Apple Watch Ultra 2022 LTE 44mm - Chính hãng VN/A\\\",\\\"image\\\":\\\"https://res.cloudinary.com/dkkh1gtoj/image/upload/v1698044394/viettaiit-ecommerce/products/hkunzihimmxyvs60xpyx.jpg\\\",\\\"slug\\\":\\\"apple-watch-ultra-2022-lte-44mm-chinh-hang-vna\\\",\\\"description\\\":\\\"Được hỗ trợ 1 đổi 1 trong 30 ngày nếu có lỗi từ nhà sản xuất\\\",\\\"discount\\\":12,\\\"price\\\":14000000,\\\"createdAt\\\":\\\"2023-10-23T07:01:27.000Z\\\",\\\"updatedAt\\\":\\\"2023-10-23T07:01:27.000Z\\\",\\\"categoryId\\\":\\\"052c5089-4a6c-4d0a-b439-ef4e957df1b8\\\",\\\"providerId\\\":\\\"8f24916a-cf31-4b04-a2e3-95d4d8abaa12\\\",\\\"provider\\\":{\\\"id\\\":\\\"8f24916a-cf31-4b04-a2e3-95d4d8abaa12\\\",\\\"providerName\\\":\\\"Apple\\\"},\\\"category\\\":{\\\"id\\\":\\\"052c5089-4a6c-4d0a-b439-ef4e957df1b8\\\",\\\"categoryName\\\":\\\"Watch\\\",\\\"image\\\":\\\"https://res.cloudinary.com/dkkh1gtoj/image/upload/v1697898562/viettaiit-ecommerce/categories/xuabv3c3cowy0gbxguv0.png\\\"}}]}\"','categoryId:052c5089-4a6c-4d0a-b439-ef4e957df1b8,page:1,limit:8,offset:0,sort:createdAt','2023-10-23 11:12:27','2023-10-23 11:12:27'),('1531fe2b-c176-4abf-abef-0cc4b4724b1d','\"{\\\"page\\\":1,\\\"total\\\":10,\\\"totalPages\\\":2,\\\"data\\\":[{\\\"id\\\":\\\"9e460cdb-2d33-4995-8f6a-43d37d81c6d0\\\",\\\"name\\\":\\\"iPhone 11 512GB - Chính hãng VNA\\\",\\\"image\\\":\\\"https://res.cloudinary.com/dkkh1gtoj/image/upload/v1698043439/viettaiit-ecommerce/products/kprugme4flc8vguj4ek2.jpg\\\",\\\"slug\\\":\\\"iphone-11-512gb-chinh-hang-vna\\\",\\\"description\\\":\\\"Được hỗ trợ 1 đổi 1 trong 30 ngày nếu có lỗi từ nhà sản xuất\\\",\\\"discount\\\":1,\\\"price\\\":10000000,\\\"createdAt\\\":\\\"2023-10-23T06:45:31.000Z\\\",\\\"updatedAt\\\":\\\"2023-10-23T06:45:31.000Z\\\",\\\"categoryId\\\":\\\"f47ac10b-58cc-4372-a567-0e02b2c3d479\\\",\\\"providerId\\\":\\\"8f24916a-cf31-4b04-a2e3-95d4d8abaa12\\\",\\\"provider\\\":{\\\"id\\\":\\\"8f24916a-cf31-4b04-a2e3-95d4d8abaa12\\\",\\\"providerName\\\":\\\"Apple\\\"},\\\"category\\\":{\\\"id\\\":\\\"f47ac10b-58cc-4372-a567-0e02b2c3d479\\\",\\\"categoryName\\\":\\\"IPhone\\\",\\\"image\\\":\\\"https://res.cloudinary.com/dkkh1gtoj/image/upload/v1697898562/viettaiit-ecommerce/categories/uxxh2grpyoqognxietg1.png\\\"}},{\\\"id\\\":\\\"d4b7fc10-da2e-4f5f-ab9d-55f4b097baaf\\\",\\\"name\\\":\\\"iPhone 12 512GB - Chính hãng VNA\\\",\\\"image\\\":\\\"https://res.cloudinary.com/dkkh1gtoj/image/upload/v1698043397/viettaiit-ecommerce/products/d88shtrkemgundpn0giy.jpg\\\",\\\"slug\\\":\\\"iphone-12-512gb-chinh-hang-vna\\\",\\\"description\\\":\\\"Được hỗ trợ 1 đổi 1 trong 30 ngày nếu có lỗi từ nhà sản xuất\\\",\\\"discount\\\":1,\\\"price\\\":20000000,\\\"createdAt\\\":\\\"2023-10-23T06:44:49.000Z\\\",\\\"updatedAt\\\":\\\"2023-10-23T06:44:49.000Z\\\",\\\"categoryId\\\":\\\"f47ac10b-58cc-4372-a567-0e02b2c3d479\\\",\\\"providerId\\\":\\\"8f24916a-cf31-4b04-a2e3-95d4d8abaa12\\\",\\\"provider\\\":{\\\"id\\\":\\\"8f24916a-cf31-4b04-a2e3-95d4d8abaa12\\\",\\\"providerName\\\":\\\"Apple\\\"},\\\"category\\\":{\\\"id\\\":\\\"f47ac10b-58cc-4372-a567-0e02b2c3d479\\\",\\\"categoryName\\\":\\\"IPhone\\\",\\\"image\\\":\\\"https://res.cloudinary.com/dkkh1gtoj/image/upload/v1697898562/viettaiit-ecommerce/categories/uxxh2grpyoqognxietg1.png\\\"}},{\\\"id\\\":\\\"6e00e2cc-aa40-415a-bd74-bf4be9e1f07e\\\",\\\"name\\\":\\\"iPhone 12 Plus 512GB - Chính hãng VNA\\\",\\\"image\\\":\\\"https://res.cloudinary.com/dkkh1gtoj/image/upload/v1698043636/viettaiit-ecommerce/products/hc626ehjmuq92hghtdav.jpg\\\",\\\"slug\\\":\\\"iphone-12-plus-512gb-chinh-hang-vna\\\",\\\"description\\\":\\\"Được hỗ trợ 1 đổi 1 trong 30 ngày nếu có lỗi từ nhà sản xuất\\\",\\\"discount\\\":2,\\\"price\\\":12000000,\\\"createdAt\\\":\\\"2023-10-23T06:48:48.000Z\\\",\\\"updatedAt\\\":\\\"2023-10-23T06:48:48.000Z\\\",\\\"categoryId\\\":\\\"f47ac10b-58cc-4372-a567-0e02b2c3d479\\\",\\\"providerId\\\":\\\"8f24916a-cf31-4b04-a2e3-95d4d8abaa12\\\",\\\"provider\\\":{\\\"id\\\":\\\"8f24916a-cf31-4b04-a2e3-95d4d8abaa12\\\",\\\"providerName\\\":\\\"Apple\\\"},\\\"category\\\":{\\\"id\\\":\\\"f47ac10b-58cc-4372-a567-0e02b2c3d479\\\",\\\"categoryName\\\":\\\"IPhone\\\",\\\"image\\\":\\\"https://res.cloudinary.com/dkkh1gtoj/image/upload/v1697898562/viettaiit-ecommerce/categories/uxxh2grpyoqognxietg1.png\\\"}},{\\\"id\\\":\\\"d3b1d4d9-0e26-4b0a-b863-a615bfe7e6be\\\",\\\"name\\\":\\\"iPhone 13 256GB - Chính hãng VNA\\\",\\\"image\\\":\\\"https://res.cloudinary.com/dkkh1gtoj/image/upload/v1698043229/viettaiit-ecommerce/products/qsbruz8knlibsjgadlae.jpg\\\",\\\"slug\\\":\\\"iphone-13-256gb-chinh-hang-vna\\\",\\\"description\\\":\\\"Được hỗ trợ 1 đổi 1 trong 30 ngày nếu có lỗi từ nhà sản xuất\\\",\\\"discount\\\":12,\\\"price\\\":30490000,\\\"createdAt\\\":\\\"2023-10-23T06:42:01.000Z\\\",\\\"updatedAt\\\":\\\"2023-10-23T06:42:01.000Z\\\",\\\"categoryId\\\":\\\"f47ac10b-58cc-4372-a567-0e02b2c3d479\\\",\\\"providerId\\\":\\\"8f24916a-cf31-4b04-a2e3-95d4d8abaa12\\\",\\\"provider\\\":{\\\"id\\\":\\\"8f24916a-cf31-4b04-a2e3-95d4d8abaa12\\\",\\\"providerName\\\":\\\"Apple\\\"},\\\"category\\\":{\\\"id\\\":\\\"f47ac10b-58cc-4372-a567-0e02b2c3d479\\\",\\\"categoryName\\\":\\\"IPhone\\\",\\\"image\\\":\\\"https://res.cloudinary.com/dkkh1gtoj/image/upload/v1697898562/viettaiit-ecommerce/categories/uxxh2grpyoqognxietg1.png\\\"}},{\\\"id\\\":\\\"82bfed84-1ed9-466f-905c-5dfa587c3e54\\\",\\\"name\\\":\\\"iPhone 13 512GB - Chính hãng VN/A\\\",\\\"image\\\":\\\"https://res.cloudinary.com/dkkh1gtoj/image/upload/v1698043331/viettaiit-ecommerce/products/u4mg6kqictzcnhhdvgja.jpg\\\",\\\"slug\\\":\\\"iphone-13-512gb-chinh-hang-vna\\\",\\\"description\\\":\\\"Được hỗ trợ 1 đổi 1 trong 30 ngày nếu có lỗi từ nhà sản xuất\\\",\\\"discount\\\":12,\\\"price\\\":30000000,\\\"createdAt\\\":\\\"2023-10-23T06:43:43.000Z\\\",\\\"updatedAt\\\":\\\"2023-10-23T06:43:43.000Z\\\",\\\"categoryId\\\":\\\"f47ac10b-58cc-4372-a567-0e02b2c3d479\\\",\\\"providerId\\\":\\\"8f24916a-cf31-4b04-a2e3-95d4d8abaa12\\\",\\\"provider\\\":{\\\"id\\\":\\\"8f24916a-cf31-4b04-a2e3-95d4d8abaa12\\\",\\\"providerName\\\":\\\"Apple\\\"},\\\"category\\\":{\\\"id\\\":\\\"f47ac10b-58cc-4372-a567-0e02b2c3d479\\\",\\\"categoryName\\\":\\\"IPhone\\\",\\\"image\\\":\\\"https://res.cloudinary.com/dkkh1gtoj/image/upload/v1697898562/viettaiit-ecommerce/categories/uxxh2grpyoqognxietg1.png\\\"}},{\\\"id\\\":\\\"86d0c145-a9ad-447a-aa9e-13a0510a4a89\\\",\\\"name\\\":\\\"iPhone 13 Pro Max 512GB - Chính hãng VNA\\\",\\\"image\\\":\\\"https://res.cloudinary.com/dkkh1gtoj/image/upload/v1698043600/viettaiit-ecommerce/products/v6ihbnt0dzlkt1fla4bl.jpg\\\",\\\"slug\\\":\\\"iphone-13-pro-max-512gb-chinh-hang-vna\\\",\\\"description\\\":\\\"Được hỗ trợ 1 đổi 1 trong 30 ngày nếu có lỗi từ nhà sản xuất\\\",\\\"discount\\\":0,\\\"price\\\":20000000,\\\"createdAt\\\":\\\"2023-10-23T06:48:12.000Z\\\",\\\"updatedAt\\\":\\\"2023-10-23T06:48:12.000Z\\\",\\\"categoryId\\\":\\\"f47ac10b-58cc-4372-a567-0e02b2c3d479\\\",\\\"providerId\\\":\\\"8f24916a-cf31-4b04-a2e3-95d4d8abaa12\\\",\\\"provider\\\":{\\\"id\\\":\\\"8f24916a-cf31-4b04-a2e3-95d4d8abaa12\\\",\\\"providerName\\\":\\\"Apple\\\"},\\\"category\\\":{\\\"id\\\":\\\"f47ac10b-58cc-4372-a567-0e02b2c3d479\\\",\\\"categoryName\\\":\\\"IPhone\\\",\\\"image\\\":\\\"https://res.cloudinary.com/dkkh1gtoj/image/upload/v1697898562/viettaiit-ecommerce/categories/uxxh2grpyoqognxietg1.png\\\"}},{\\\"id\\\":\\\"516d7068-03c7-45b9-8fa6-e1969322d3a9\\\",\\\"name\\\":\\\"iPhone 14 256GB - Chính hãng VN\\\",\\\"image\\\":\\\"https://res.cloudinary.com/dkkh1gtoj/image/upload/v1698043166/viettaiit-ecommerce/products/czvuktxxqpbwhztqvdfj.jpg\\\",\\\"slug\\\":\\\"iphone-14-256gb-chinh-hang-vn\\\",\\\"description\\\":\\\"Được hỗ trợ 1 đổi 1 trong 30 ngày nếu có lỗi từ nhà sản xuất\\\",\\\"discount\\\":12,\\\"price\\\":32490000,\\\"createdAt\\\":\\\"2023-10-23T06:40:58.000Z\\\",\\\"updatedAt\\\":\\\"2023-10-23T06:40:58.000Z\\\",\\\"categoryId\\\":\\\"f47ac10b-58cc-4372-a567-0e02b2c3d479\\\",\\\"providerId\\\":\\\"8f24916a-cf31-4b04-a2e3-95d4d8abaa12\\\",\\\"provider\\\":{\\\"id\\\":\\\"8f24916a-cf31-4b04-a2e3-95d4d8abaa12\\\",\\\"providerName\\\":\\\"Apple\\\"},\\\"category\\\":{\\\"id\\\":\\\"f47ac10b-58cc-4372-a567-0e02b2c3d479\\\",\\\"categoryName\\\":\\\"IPhone\\\",\\\"image\\\":\\\"https://res.cloudinary.com/dkkh1gtoj/image/upload/v1697898562/viettaiit-ecommerce/categories/uxxh2grpyoqognxietg1.png\\\"}},{\\\"id\\\":\\\"6ff07fad-34c7-4c82-b173-f84044f6f595\\\",\\\"name\\\":\\\"iPhone 14 Plus 512GB - Chính hãng VNA\\\",\\\"image\\\":\\\"https://res.cloudinary.com/dkkh1gtoj/image/upload/v1698043488/viettaiit-ecommerce/products/iqvyxcmcekg8shbgsbid.jpg\\\",\\\"slug\\\":\\\"iphone-14-plus-512gb-chinh-hang-vna\\\",\\\"description\\\":\\\"Được hỗ trợ 1 đổi 1 trong 30 ngày nếu có lỗi từ nhà sản xuất\\\",\\\"discount\\\":12,\\\"price\\\":32490000,\\\"createdAt\\\":\\\"2023-10-23T06:46:20.000Z\\\",\\\"updatedAt\\\":\\\"2023-10-23T06:46:20.000Z\\\",\\\"categoryId\\\":\\\"f47ac10b-58cc-4372-a567-0e02b2c3d479\\\",\\\"providerId\\\":\\\"8f24916a-cf31-4b04-a2e3-95d4d8abaa12\\\",\\\"provider\\\":{\\\"id\\\":\\\"8f24916a-cf31-4b04-a2e3-95d4d8abaa12\\\",\\\"providerName\\\":\\\"Apple\\\"},\\\"category\\\":{\\\"id\\\":\\\"f47ac10b-58cc-4372-a567-0e02b2c3d479\\\",\\\"categoryName\\\":\\\"IPhone\\\",\\\"image\\\":\\\"https://res.cloudinary.com/dkkh1gtoj/image/upload/v1697898562/viettaiit-ecommerce/categories/uxxh2grpyoqognxietg1.png\\\"}}]}\"','categoryId:f47ac10b-58cc-4372-a567-0e02b2c3d479,page:1,limit:8,offset:0,sort:name','2023-10-23 11:18:21','2023-10-23 11:18:21'),('15e15645-7a91-4ccb-bf8b-26f6587c0d3e','\"{\\\"page\\\":1,\\\"total\\\":5,\\\"totalPages\\\":1,\\\"data\\\":[{\\\"id\\\":\\\"73902510-5761-4d27-8847-ef0c81bc9e94\\\",\\\"name\\\":\\\"Macbook Air M2 13inch 2022 8CPU 10GPU 256GB RAM 8GB Chính hãng VN\\\",\\\"image\\\":\\\"https://res.cloudinary.com/dkkh1gtoj/image/upload/v1698045767/viettaiit-ecommerce/products/5_qnr84q.webp\\\",\\\"slug\\\":\\\"macbook-air-m2-13inch-2022-8cpu-10gpu-256gb-ram-8gb-chinh-hang-vn\\\",\\\"description\\\":\\\"Được hỗ trợ 1 đổi 1 trong 7 ngày nếu có lỗi từ nhà sản xuất\\\",\\\"discount\\\":0,\\\"price\\\":12000000,\\\"createdAt\\\":\\\"2023-10-23T06:55:12.000Z\\\",\\\"updatedAt\\\":\\\"2023-10-23T06:55:12.000Z\\\",\\\"categoryId\\\":\\\"4dfe0b0c-eece-477e-aa19-2c15b51d1faa\\\",\\\"providerId\\\":\\\"8f24916a-cf31-4b04-a2e3-95d4d8abaa12\\\",\\\"provider\\\":{\\\"id\\\":\\\"8f24916a-cf31-4b04-a2e3-95d4d8abaa12\\\",\\\"providerName\\\":\\\"Apple\\\"},\\\"category\\\":{\\\"id\\\":\\\"4dfe0b0c-eece-477e-aa19-2c15b51d1faa\\\",\\\"categoryName\\\":\\\"Mac\\\",\\\"image\\\":\\\"https://res.cloudinary.com/dkkh1gtoj/image/upload/v1697898562/viettaiit-ecommerce/categories/yuh4hmscqk75nqod6dkr.png\\\"}},{\\\"id\\\":\\\"78b09bbe-4dee-408d-99b0-bba85b8c8ac5\\\",\\\"name\\\":\\\"Macbook Pro M2 13 inch 2022 8CPU 8GPU 256GB RAM 16GB Chính hãng VN\\\",\\\"image\\\":\\\"https://res.cloudinary.com/dkkh1gtoj/image/upload/v1698043928/viettaiit-ecommerce/products/tzvrukm08l4tnpd7u7l2.jpg\\\",\\\"slug\\\":\\\"macbook-pro-m2-13-inch-2022-8cpu-8gpu-256gb-ram-16gb-chinh-hang-vn\\\",\\\"description\\\":\\\"Được hỗ trợ 1 đổi 1 trong 7 ngày nếu có lỗi từ nhà sản xuất\\\",\\\"discount\\\":1,\\\"price\\\":24000000,\\\"createdAt\\\":\\\"2023-10-23T06:53:40.000Z\\\",\\\"updatedAt\\\":\\\"2023-10-23T06:53:40.000Z\\\",\\\"categoryId\\\":\\\"4dfe0b0c-eece-477e-aa19-2c15b51d1faa\\\",\\\"providerId\\\":\\\"8f24916a-cf31-4b04-a2e3-95d4d8abaa12\\\",\\\"provider\\\":{\\\"id\\\":\\\"8f24916a-cf31-4b04-a2e3-95d4d8abaa12\\\",\\\"providerName\\\":\\\"Apple\\\"},\\\"category\\\":{\\\"id\\\":\\\"4dfe0b0c-eece-477e-aa19-2c15b51d1faa\\\",\\\"categoryName\\\":\\\"Mac\\\",\\\"image\\\":\\\"https://res.cloudinary.com/dkkh1gtoj/image/upload/v1697898562/viettaiit-ecommerce/categories/yuh4hmscqk75nqod6dkr.png\\\"}},{\\\"id\\\":\\\"bb40b3d0-f8ef-4eb7-88b0-3339979a405a\\\",\\\"name\\\":\\\"Macbook Air M2 13 inch 2022 8CPU 8GPU 256GB RAM 16GB Chính hãng VN\\\",\\\"image\\\":\\\"https://res.cloudinary.com/dkkh1gtoj/image/upload/v1698045767/viettaiit-ecommerce/products/5_qnr84q.webp\\\",\\\"slug\\\":\\\"macbook-air-m2-13-inch-2022-8cpu-8gpu-256gb-ram-16gb-chinh-hang-vn\\\",\\\"description\\\":\\\"Được hỗ trợ 1 đổi 1 trong 7 ngày nếu có lỗi từ nhà sản xuất\\\",\\\"discount\\\":12,\\\"price\\\":23000000,\\\"createdAt\\\":\\\"2023-10-23T06:52:46.000Z\\\",\\\"updatedAt\\\":\\\"2023-10-23T06:52:46.000Z\\\",\\\"categoryId\\\":\\\"4dfe0b0c-eece-477e-aa19-2c15b51d1faa\\\",\\\"providerId\\\":\\\"8f24916a-cf31-4b04-a2e3-95d4d8abaa12\\\",\\\"provider\\\":{\\\"id\\\":\\\"8f24916a-cf31-4b04-a2e3-95d4d8abaa12\\\",\\\"providerName\\\":\\\"Apple\\\"},\\\"category\\\":{\\\"id\\\":\\\"4dfe0b0c-eece-477e-aa19-2c15b51d1faa\\\",\\\"categoryName\\\":\\\"Mac\\\",\\\"image\\\":\\\"https://res.cloudinary.com/dkkh1gtoj/image/upload/v1697898562/viettaiit-ecommerce/categories/yuh4hmscqk75nqod6dkr.png\\\"}},{\\\"id\\\":\\\"1d68e97a-5d7e-4dc4-b06e-bb3cda07a25e\\\",\\\"name\\\":\\\"Macbook Pro 13 inch M1 LATE 2020 256GB - New seal Hàng Chính Hãng VN - (MGN63 - MGN93 - MGND3)\\\",\\\"image\\\":\\\"https://res.cloudinary.com/dkkh1gtoj/image/upload/v1698045767/viettaiit-ecommerce/products/5_qnr84q.webp\\\",\\\"slug\\\":\\\"macbook-pro-13-inch-m1-late-2020-256gb-new-seal-hang-chinh-hang-vn-mgn63-mgn93-mgnd3\\\",\\\"description\\\":\\\"Được hỗ trợ 1 đổi 1 trong 7 ngày nếu có lỗi từ nhà sản xuất\\\",\\\"discount\\\":12,\\\"price\\\":23000000,\\\"createdAt\\\":\\\"2023-10-23T06:50:55.000Z\\\",\\\"updatedAt\\\":\\\"2023-10-23T06:50:55.000Z\\\",\\\"categoryId\\\":\\\"4dfe0b0c-eece-477e-aa19-2c15b51d1faa\\\",\\\"providerId\\\":\\\"8f24916a-cf31-4b04-a2e3-95d4d8abaa12\\\",\\\"provider\\\":{\\\"id\\\":\\\"8f24916a-cf31-4b04-a2e3-95d4d8abaa12\\\",\\\"providerName\\\":\\\"Apple\\\"},\\\"category\\\":{\\\"id\\\":\\\"4dfe0b0c-eece-477e-aa19-2c15b51d1faa\\\",\\\"categoryName\\\":\\\"Mac\\\",\\\"image\\\":\\\"https://res.cloudinary.com/dkkh1gtoj/image/upload/v1697898562/viettaiit-ecommerce/categories/yuh4hmscqk75nqod6dkr.png\\\"}},{\\\"id\\\":\\\"40d53b02-37ec-406c-9500-21f8f2a2b0c4\\\",\\\"name\\\":\\\"Macbook Air 13 inch M1 LATE 2020 256GB - New seal Hàng Chính Hãng VN - (MGN63 - MGN93 - MGND3)\\\",\\\"image\\\":\\\"https://res.cloudinary.com/dkkh1gtoj/image/upload/v1698043720/viettaiit-ecommerce/products/y5oupgta3kyjkm7iihzb.jpg\\\",\\\"slug\\\":\\\"macbook-air-13-inch-m1-late-2020-256gb-new-seal-hang-chinh-hang-vn-mgn63-mgn93-mgnd3\\\",\\\"description\\\":\\\"Được hỗ trợ 1 đổi 1 trong 7 ngày nếu có lỗi từ nhà sản xuất\\\",\\\"discount\\\":12,\\\"price\\\":32490000,\\\"createdAt\\\":\\\"2023-10-23T06:50:12.000Z\\\",\\\"updatedAt\\\":\\\"2023-10-23T06:50:12.000Z\\\",\\\"categoryId\\\":\\\"4dfe0b0c-eece-477e-aa19-2c15b51d1faa\\\",\\\"providerId\\\":\\\"8f24916a-cf31-4b04-a2e3-95d4d8abaa12\\\",\\\"provider\\\":{\\\"id\\\":\\\"8f24916a-cf31-4b04-a2e3-95d4d8abaa12\\\",\\\"providerName\\\":\\\"Apple\\\"},\\\"category\\\":{\\\"id\\\":\\\"4dfe0b0c-eece-477e-aa19-2c15b51d1faa\\\",\\\"categoryName\\\":\\\"Mac\\\",\\\"image\\\":\\\"https://res.cloudinary.com/dkkh1gtoj/image/upload/v1697898562/viettaiit-ecommerce/categories/yuh4hmscqk75nqod6dkr.png\\\"}}]}\"','name:Macbook,page:1,limit:8,offset:0','2023-10-23 11:12:18','2023-10-23 11:12:18'),('1f1d3ca6-11e0-4a9e-8b3e-7da2356a09fe','\"{\\\"page\\\":1,\\\"total\\\":30,\\\"totalPages\\\":4,\\\"data\\\":[{\\\"id\\\":\\\"40d53b02-37ec-406c-9500-21f8f2a2b0c4\\\",\\\"name\\\":\\\"Macbook Air 13 inch M1 LATE 2020 256GB - New seal Hàng Chính Hãng VN - (MGN63 - MGN93 - MGND3)\\\",\\\"image\\\":\\\"https://res.cloudinary.com/dkkh1gtoj/image/upload/v1698043720/viettaiit-ecommerce/products/y5oupgta3kyjkm7iihzb.jpg\\\",\\\"slug\\\":\\\"macbook-air-13-inch-m1-late-2020-256gb-new-seal-hang-chinh-hang-vn-mgn63-mgn93-mgnd3\\\",\\\"description\\\":\\\"Được hỗ trợ 1 đổi 1 trong 7 ngày nếu có lỗi từ nhà sản xuất\\\",\\\"discount\\\":12,\\\"price\\\":32490000,\\\"createdAt\\\":\\\"2023-10-23T06:50:12.000Z\\\",\\\"updatedAt\\\":\\\"2023-10-23T06:50:12.000Z\\\",\\\"categoryId\\\":\\\"4dfe0b0c-eece-477e-aa19-2c15b51d1faa\\\",\\\"providerId\\\":\\\"8f24916a-cf31-4b04-a2e3-95d4d8abaa12\\\",\\\"provider\\\":{\\\"id\\\":\\\"8f24916a-cf31-4b04-a2e3-95d4d8abaa12\\\",\\\"providerName\\\":\\\"Apple\\\"},\\\"category\\\":{\\\"id\\\":\\\"4dfe0b0c-eece-477e-aa19-2c15b51d1faa\\\",\\\"categoryName\\\":\\\"Mac\\\",\\\"image\\\":\\\"https://res.cloudinary.com/dkkh1gtoj/image/upload/v1697898562/viettaiit-ecommerce/categories/yuh4hmscqk75nqod6dkr.png\\\"}},{\\\"id\\\":\\\"516d7068-03c7-45b9-8fa6-e1969322d3a9\\\",\\\"name\\\":\\\"iPhone 14 256GB - Chính hãng VN\\\",\\\"image\\\":\\\"https://res.cloudinary.com/dkkh1gtoj/image/upload/v1698043166/viettaiit-ecommerce/products/czvuktxxqpbwhztqvdfj.jpg\\\",\\\"slug\\\":\\\"iphone-14-256gb-chinh-hang-vn\\\",\\\"description\\\":\\\"Được hỗ trợ 1 đổi 1 trong 30 ngày nếu có lỗi từ nhà sản xuất\\\",\\\"discount\\\":12,\\\"price\\\":32490000,\\\"createdAt\\\":\\\"2023-10-23T06:40:58.000Z\\\",\\\"updatedAt\\\":\\\"2023-10-23T06:40:58.000Z\\\",\\\"categoryId\\\":\\\"f47ac10b-58cc-4372-a567-0e02b2c3d479\\\",\\\"providerId\\\":\\\"8f24916a-cf31-4b04-a2e3-95d4d8abaa12\\\",\\\"provider\\\":{\\\"id\\\":\\\"8f24916a-cf31-4b04-a2e3-95d4d8abaa12\\\",\\\"providerName\\\":\\\"Apple\\\"},\\\"category\\\":{\\\"id\\\":\\\"f47ac10b-58cc-4372-a567-0e02b2c3d479\\\",\\\"categoryName\\\":\\\"IPhone\\\",\\\"image\\\":\\\"https://res.cloudinary.com/dkkh1gtoj/image/upload/v1697898562/viettaiit-ecommerce/categories/uxxh2grpyoqognxietg1.png\\\"}},{\\\"id\\\":\\\"6ff07fad-34c7-4c82-b173-f84044f6f595\\\",\\\"name\\\":\\\"iPhone 14 Plus 512GB - Chính hãng VNA\\\",\\\"image\\\":\\\"https://res.cloudinary.com/dkkh1gtoj/image/upload/v1698043488/viettaiit-ecommerce/products/iqvyxcmcekg8shbgsbid.jpg\\\",\\\"slug\\\":\\\"iphone-14-plus-512gb-chinh-hang-vna\\\",\\\"description\\\":\\\"Được hỗ trợ 1 đổi 1 trong 30 ngày nếu có lỗi từ nhà sản xuất\\\",\\\"discount\\\":12,\\\"price\\\":32490000,\\\"createdAt\\\":\\\"2023-10-23T06:46:20.000Z\\\",\\\"updatedAt\\\":\\\"2023-10-23T06:46:20.000Z\\\",\\\"categoryId\\\":\\\"f47ac10b-58cc-4372-a567-0e02b2c3d479\\\",\\\"providerId\\\":\\\"8f24916a-cf31-4b04-a2e3-95d4d8abaa12\\\",\\\"provider\\\":{\\\"id\\\":\\\"8f24916a-cf31-4b04-a2e3-95d4d8abaa12\\\",\\\"providerName\\\":\\\"Apple\\\"},\\\"category\\\":{\\\"id\\\":\\\"f47ac10b-58cc-4372-a567-0e02b2c3d479\\\",\\\"categoryName\\\":\\\"IPhone\\\",\\\"image\\\":\\\"https://res.cloudinary.com/dkkh1gtoj/image/upload/v1697898562/viettaiit-ecommerce/categories/uxxh2grpyoqognxietg1.png\\\"}},{\\\"id\\\":\\\"d2682d25-17c2-4d9c-ae47-2cab05d3fee5\\\",\\\"name\\\":\\\"Apple Watch S6 2022 LTE 44mm - Chính hãng VN/A\\\",\\\"image\\\":\\\"https://res.cloudinary.com/dkkh1gtoj/image/upload/v1698044339/viettaiit-ecommerce/products/txzlnuyxvah0zdapnkbj.jpg\\\",\\\"slug\\\":\\\"apple-watch-s6-2022-lte-44mm-chinh-hang-vna\\\",\\\"description\\\":\\\"Được hỗ trợ 1 đổi 1 trong 30 ngày nếu có lỗi từ nhà sản xuất\\\",\\\"discount\\\":12,\\\"price\\\":32490000,\\\"createdAt\\\":\\\"2023-10-23T07:00:31.000Z\\\",\\\"updatedAt\\\":\\\"2023-10-23T07:00:31.000Z\\\",\\\"categoryId\\\":\\\"052c5089-4a6c-4d0a-b439-ef4e957df1b8\\\",\\\"providerId\\\":\\\"8f24916a-cf31-4b04-a2e3-95d4d8abaa12\\\",\\\"provider\\\":{\\\"id\\\":\\\"8f24916a-cf31-4b04-a2e3-95d4d8abaa12\\\",\\\"providerName\\\":\\\"Apple\\\"},\\\"category\\\":{\\\"id\\\":\\\"052c5089-4a6c-4d0a-b439-ef4e957df1b8\\\",\\\"categoryName\\\":\\\"Watch\\\",\\\"image\\\":\\\"https://res.cloudinary.com/dkkh1gtoj/image/upload/v1697898562/viettaiit-ecommerce/categories/xuabv3c3cowy0gbxguv0.png\\\"}},{\\\"id\\\":\\\"ff4b52f7-f238-437a-a7eb-8afb902352e4\\\",\\\"name\\\":\\\"iPhone 14 Pro 512GB - Chính hãng VNA\\\",\\\"image\\\":\\\"https://res.cloudinary.com/dkkh1gtoj/image/upload/v1698043531/viettaiit-ecommerce/products/x0t5klsijtgwez3y8yne.jpg\\\",\\\"slug\\\":\\\"iphone-14-pro-512gb-chinh-hang-vna\\\",\\\"description\\\":\\\"Được hỗ trợ 1 đổi 1 trong 30 ngày nếu có lỗi từ nhà sản xuất\\\",\\\"discount\\\":10,\\\"price\\\":32490000,\\\"createdAt\\\":\\\"2023-10-23T06:47:03.000Z\\\",\\\"updatedAt\\\":\\\"2023-10-23T06:47:03.000Z\\\",\\\"categoryId\\\":\\\"f47ac10b-58cc-4372-a567-0e02b2c3d479\\\",\\\"providerId\\\":\\\"8f24916a-cf31-4b04-a2e3-95d4d8abaa12\\\",\\\"provider\\\":{\\\"id\\\":\\\"8f24916a-cf31-4b04-a2e3-95d4d8abaa12\\\",\\\"providerName\\\":\\\"Apple\\\"},\\\"category\\\":{\\\"id\\\":\\\"f47ac10b-58cc-4372-a567-0e02b2c3d479\\\",\\\"categoryName\\\":\\\"IPhone\\\",\\\"image\\\":\\\"https://res.cloudinary.com/dkkh1gtoj/image/upload/v1697898562/viettaiit-ecommerce/categories/uxxh2grpyoqognxietg1.png\\\"}},{\\\"id\\\":\\\"bf4b9825-39ac-4e72-a45d-f143464ca1bd\\\",\\\"name\\\":\\\"Mac Air M1 13inch 2022 8CPU 10GPU 256GB RAM 8GB Chính hãng VN\\\",\\\"image\\\":\\\"https://res.cloudinary.com/dkkh1gtoj/image/upload/v1698043985/viettaiit-ecommerce/products/fa8ctg2zlimnzxpgfrgx.jpg\\\",\\\"slug\\\":\\\"macbook-air-m1-13inch-2022-8cpu-10gpu-256gb-ram-8gb-chinh-hang-vn\\\",\\\"description\\\":\\\"Được hỗ trợ 1 đổi 1 trong 7 ngày nếu có lỗi từ nhà sản xuất\\\",\\\"discount\\\":10,\\\"price\\\":30490000,\\\"createdAt\\\":\\\"2023-10-23T06:54:37.000Z\\\",\\\"updatedAt\\\":\\\"2023-10-23T06:54:37.000Z\\\",\\\"categoryId\\\":\\\"4dfe0b0c-eece-477e-aa19-2c15b51d1faa\\\",\\\"providerId\\\":\\\"8f24916a-cf31-4b04-a2e3-95d4d8abaa12\\\",\\\"provider\\\":{\\\"id\\\":\\\"8f24916a-cf31-4b04-a2e3-95d4d8abaa12\\\",\\\"providerName\\\":\\\"Apple\\\"},\\\"category\\\":{\\\"id\\\":\\\"4dfe0b0c-eece-477e-aa19-2c15b51d1faa\\\",\\\"categoryName\\\":\\\"Mac\\\",\\\"image\\\":\\\"https://res.cloudinary.com/dkkh1gtoj/image/upload/v1697898562/viettaiit-ecommerce/categories/yuh4hmscqk75nqod6dkr.png\\\"}},{\\\"id\\\":\\\"d3b1d4d9-0e26-4b0a-b863-a615bfe7e6be\\\",\\\"name\\\":\\\"iPhone 13 256GB - Chính hãng VNA\\\",\\\"image\\\":\\\"https://res.cloudinary.com/dkkh1gtoj/image/upload/v1698043229/viettaiit-ecommerce/products/qsbruz8knlibsjgadlae.jpg\\\",\\\"slug\\\":\\\"iphone-13-256gb-chinh-hang-vna\\\",\\\"description\\\":\\\"Được hỗ trợ 1 đổi 1 trong 30 ngày nếu có lỗi từ nhà sản xuất\\\",\\\"discount\\\":12,\\\"price\\\":30490000,\\\"createdAt\\\":\\\"2023-10-23T06:42:01.000Z\\\",\\\"updatedAt\\\":\\\"2023-10-23T06:42:01.000Z\\\",\\\"categoryId\\\":\\\"f47ac10b-58cc-4372-a567-0e02b2c3d479\\\",\\\"providerId\\\":\\\"8f24916a-cf31-4b04-a2e3-95d4d8abaa12\\\",\\\"provider\\\":{\\\"id\\\":\\\"8f24916a-cf31-4b04-a2e3-95d4d8abaa12\\\",\\\"providerName\\\":\\\"Apple\\\"},\\\"category\\\":{\\\"id\\\":\\\"f47ac10b-58cc-4372-a567-0e02b2c3d479\\\",\\\"categoryName\\\":\\\"IPhone\\\",\\\"image\\\":\\\"https://res.cloudinary.com/dkkh1gtoj/image/upload/v1697898562/viettaiit-ecommerce/categories/uxxh2grpyoqognxietg1.png\\\"}},{\\\"id\\\":\\\"82bfed84-1ed9-466f-905c-5dfa587c3e54\\\",\\\"name\\\":\\\"iPhone 13 512GB - Chính hãng VN/A\\\",\\\"image\\\":\\\"https://res.cloudinary.com/dkkh1gtoj/image/upload/v1698043331/viettaiit-ecommerce/products/u4mg6kqictzcnhhdvgja.jpg\\\",\\\"slug\\\":\\\"iphone-13-512gb-chinh-hang-vna\\\",\\\"description\\\":\\\"Được hỗ trợ 1 đổi 1 trong 30 ngày nếu có lỗi từ nhà sản xuất\\\",\\\"discount\\\":12,\\\"price\\\":30000000,\\\"createdAt\\\":\\\"2023-10-23T06:43:43.000Z\\\",\\\"updatedAt\\\":\\\"2023-10-23T06:43:43.000Z\\\",\\\"categoryId\\\":\\\"f47ac10b-58cc-4372-a567-0e02b2c3d479\\\",\\\"providerId\\\":\\\"8f24916a-cf31-4b04-a2e3-95d4d8abaa12\\\",\\\"provider\\\":{\\\"id\\\":\\\"8f24916a-cf31-4b04-a2e3-95d4d8abaa12\\\",\\\"providerName\\\":\\\"Apple\\\"},\\\"category\\\":{\\\"id\\\":\\\"f47ac10b-58cc-4372-a567-0e02b2c3d479\\\",\\\"categoryName\\\":\\\"IPhone\\\",\\\"image\\\":\\\"https://res.cloudinary.com/dkkh1gtoj/image/upload/v1697898562/viettaiit-ecommerce/categories/uxxh2grpyoqognxietg1.png\\\"}}]}\"','page:1,limit:8,offset:0,sort:-price','2023-10-23 11:12:37','2023-10-23 11:12:37'),('28c8e346-1f00-40f7-aee7-218d38807373','\"{\\\"page\\\":1,\\\"total\\\":6,\\\"totalPages\\\":1,\\\"data\\\":[{\\\"id\\\":\\\"716bb738-3faa-4779-8065-67f200850004\\\",\\\"name\\\":\\\"Apple Watch Ultra 2022 LTE 44mm - Chính hãng VN/A\\\",\\\"image\\\":\\\"https://res.cloudinary.com/dkkh1gtoj/image/upload/v1698044394/viettaiit-ecommerce/products/hkunzihimmxyvs60xpyx.jpg\\\",\\\"slug\\\":\\\"apple-watch-ultra-2022-lte-44mm-chinh-hang-vna\\\",\\\"description\\\":\\\"Được hỗ trợ 1 đổi 1 trong 30 ngày nếu có lỗi từ nhà sản xuất\\\",\\\"discount\\\":12,\\\"price\\\":14000000,\\\"createdAt\\\":\\\"2023-10-23T07:01:27.000Z\\\",\\\"updatedAt\\\":\\\"2023-10-23T07:01:27.000Z\\\",\\\"categoryId\\\":\\\"052c5089-4a6c-4d0a-b439-ef4e957df1b8\\\",\\\"providerId\\\":\\\"8f24916a-cf31-4b04-a2e3-95d4d8abaa12\\\",\\\"provider\\\":{\\\"id\\\":\\\"8f24916a-cf31-4b04-a2e3-95d4d8abaa12\\\",\\\"providerName\\\":\\\"Apple\\\"},\\\"category\\\":{\\\"id\\\":\\\"052c5089-4a6c-4d0a-b439-ef4e957df1b8\\\",\\\"categoryName\\\":\\\"Watch\\\",\\\"image\\\":\\\"https://res.cloudinary.com/dkkh1gtoj/image/upload/v1697898562/viettaiit-ecommerce/categories/xuabv3c3cowy0gbxguv0.png\\\"}},{\\\"id\\\":\\\"359b3c98-b1ad-4baa-b490-50f868a94e7b\\\",\\\"name\\\":\\\"Apple Watch S7 2022 LTE 44mm - Chính hãng VN/A\\\",\\\"image\\\":\\\"https://res.cloudinary.com/dkkh1gtoj/image/upload/v1698044362/viettaiit-ecommerce/products/gnr1ldapd9l6ufy6gdh6.jpg\\\",\\\"slug\\\":\\\"apple-watch-s7-2022-lte-44mm-chinh-hang-vna\\\",\\\"description\\\":\\\"Được hỗ trợ 1 đổi 1 trong 30 ngày nếu có lỗi từ nhà sản xuất\\\",\\\"discount\\\":0,\\\"price\\\":16000000,\\\"createdAt\\\":\\\"2023-10-23T07:00:54.000Z\\\",\\\"updatedAt\\\":\\\"2023-10-23T07:00:54.000Z\\\",\\\"categoryId\\\":\\\"052c5089-4a6c-4d0a-b439-ef4e957df1b8\\\",\\\"providerId\\\":\\\"8f24916a-cf31-4b04-a2e3-95d4d8abaa12\\\",\\\"provider\\\":{\\\"id\\\":\\\"8f24916a-cf31-4b04-a2e3-95d4d8abaa12\\\",\\\"providerName\\\":\\\"Apple\\\"},\\\"category\\\":{\\\"id\\\":\\\"052c5089-4a6c-4d0a-b439-ef4e957df1b8\\\",\\\"categoryName\\\":\\\"Watch\\\",\\\"image\\\":\\\"https://res.cloudinary.com/dkkh1gtoj/image/upload/v1697898562/viettaiit-ecommerce/categories/xuabv3c3cowy0gbxguv0.png\\\"}},{\\\"id\\\":\\\"d2682d25-17c2-4d9c-ae47-2cab05d3fee5\\\",\\\"name\\\":\\\"Apple Watch S6 2022 LTE 44mm - Chính hãng VN/A\\\",\\\"image\\\":\\\"https://res.cloudinary.com/dkkh1gtoj/image/upload/v1698044339/viettaiit-ecommerce/products/txzlnuyxvah0zdapnkbj.jpg\\\",\\\"slug\\\":\\\"apple-watch-s6-2022-lte-44mm-chinh-hang-vna\\\",\\\"description\\\":\\\"Được hỗ trợ 1 đổi 1 trong 30 ngày nếu có lỗi từ nhà sản xuất\\\",\\\"discount\\\":12,\\\"price\\\":32490000,\\\"createdAt\\\":\\\"2023-10-23T07:00:31.000Z\\\",\\\"updatedAt\\\":\\\"2023-10-23T07:00:31.000Z\\\",\\\"categoryId\\\":\\\"052c5089-4a6c-4d0a-b439-ef4e957df1b8\\\",\\\"providerId\\\":\\\"8f24916a-cf31-4b04-a2e3-95d4d8abaa12\\\",\\\"provider\\\":{\\\"id\\\":\\\"8f24916a-cf31-4b04-a2e3-95d4d8abaa12\\\",\\\"providerName\\\":\\\"Apple\\\"},\\\"category\\\":{\\\"id\\\":\\\"052c5089-4a6c-4d0a-b439-ef4e957df1b8\\\",\\\"categoryName\\\":\\\"Watch\\\",\\\"image\\\":\\\"https://res.cloudinary.com/dkkh1gtoj/image/upload/v1697898562/viettaiit-ecommerce/categories/xuabv3c3cowy0gbxguv0.png\\\"}},{\\\"id\\\":\\\"b929817a-b2dd-4ef8-8be7-e35c47a893f7\\\",\\\"name\\\":\\\"Apple Watch S3 2022 LTE 44mm - Chính hãng VN/A\\\",\\\"image\\\":\\\"https://res.cloudinary.com/dkkh1gtoj/image/upload/v1698044306/viettaiit-ecommerce/products/s5knbkcrdvpfi0stiqdy.jpg\\\",\\\"slug\\\":\\\"apple-watch-s3-2022-lte-44mm-chinh-hang-vna\\\",\\\"description\\\":\\\"Được hỗ trợ 1 đổi 1 trong 30 ngày nếu có lỗi từ nhà sản xuất\\\",\\\"discount\\\":2,\\\"price\\\":10000000,\\\"createdAt\\\":\\\"2023-10-23T06:59:58.000Z\\\",\\\"updatedAt\\\":\\\"2023-10-23T06:59:58.000Z\\\",\\\"categoryId\\\":\\\"052c5089-4a6c-4d0a-b439-ef4e957df1b8\\\",\\\"providerId\\\":\\\"8f24916a-cf31-4b04-a2e3-95d4d8abaa12\\\",\\\"provider\\\":{\\\"id\\\":\\\"8f24916a-cf31-4b04-a2e3-95d4d8abaa12\\\",\\\"providerName\\\":\\\"Apple\\\"},\\\"category\\\":{\\\"id\\\":\\\"052c5089-4a6c-4d0a-b439-ef4e957df1b8\\\",\\\"categoryName\\\":\\\"Watch\\\",\\\"image\\\":\\\"https://res.cloudinary.com/dkkh1gtoj/image/upload/v1697898562/viettaiit-ecommerce/categories/xuabv3c3cowy0gbxguv0.png\\\"}},{\\\"id\\\":\\\"93394df3-30c1-4b97-abc0-8ad69cf9909d\\\",\\\"name\\\":\\\"Apple Watch S8 2022 LTE 44mm - Chính hãng VN/A\\\",\\\"image\\\":\\\"https://res.cloudinary.com/dkkh1gtoj/image/upload/v1698044275/viettaiit-ecommerce/products/g3ffpnjs1jl6aqrztq09.jpg\\\",\\\"slug\\\":\\\"apple-watch-s8-2022-lte-44mm-chinh-hang-vna\\\",\\\"description\\\":\\\"Được hỗ trợ 1 đổi 1 trong 30 ngày nếu có lỗi từ nhà sản xuất\\\",\\\"discount\\\":0,\\\"price\\\":15000000,\\\"createdAt\\\":\\\"2023-10-23T06:59:27.000Z\\\",\\\"updatedAt\\\":\\\"2023-10-23T06:59:27.000Z\\\",\\\"categoryId\\\":\\\"052c5089-4a6c-4d0a-b439-ef4e957df1b8\\\",\\\"providerId\\\":\\\"8f24916a-cf31-4b04-a2e3-95d4d8abaa12\\\",\\\"provider\\\":{\\\"id\\\":\\\"8f24916a-cf31-4b04-a2e3-95d4d8abaa12\\\",\\\"providerName\\\":\\\"Apple\\\"},\\\"category\\\":{\\\"id\\\":\\\"052c5089-4a6c-4d0a-b439-ef4e957df1b8\\\",\\\"categoryName\\\":\\\"Watch\\\",\\\"image\\\":\\\"https://res.cloudinary.com/dkkh1gtoj/image/upload/v1697898562/viettaiit-ecommerce/categories/xuabv3c3cowy0gbxguv0.png\\\"}},{\\\"id\\\":\\\"c78609fe-09fe-4c4f-8be6-7ba89c309dc4\\\",\\\"name\\\":\\\"Apple Watch SE 2022 LTE 44mm - Chính hãng VN/A\\\",\\\"image\\\":\\\"https://res.cloudinary.com/dkkh1gtoj/image/upload/v1698044214/viettaiit-ecommerce/products/ct8us8eplfhzdg20ueme.jpg\\\",\\\"slug\\\":\\\"apple-watch-se-2022-lte-44mm-chinh-hang-vna\\\",\\\"description\\\":\\\"Được hỗ trợ 1 đổi 1 trong 30 ngày nếu có lỗi từ nhà sản xuất\\\",\\\"discount\\\":12,\\\"price\\\":12000000,\\\"createdAt\\\":\\\"2023-10-23T06:58:26.000Z\\\",\\\"updatedAt\\\":\\\"2023-10-23T06:58:26.000Z\\\",\\\"categoryId\\\":\\\"052c5089-4a6c-4d0a-b439-ef4e957df1b8\\\",\\\"providerId\\\":\\\"8f24916a-cf31-4b04-a2e3-95d4d8abaa12\\\",\\\"provider\\\":{\\\"id\\\":\\\"8f24916a-cf31-4b04-a2e3-95d4d8abaa12\\\",\\\"providerName\\\":\\\"Apple\\\"},\\\"category\\\":{\\\"id\\\":\\\"052c5089-4a6c-4d0a-b439-ef4e957df1b8\\\",\\\"categoryName\\\":\\\"Watch\\\",\\\"image\\\":\\\"https://res.cloudinary.com/dkkh1gtoj/image/upload/v1697898562/viettaiit-ecommerce/categories/xuabv3c3cowy0gbxguv0.png\\\"}}]}\"','name:Apple Watch,page:1,limit:8,offset:0','2023-10-23 11:12:18','2023-10-23 11:12:18'),('2f963851-e13d-4145-aebc-6556db337f7d','\"{\\\"page\\\":1,\\\"total\\\":1,\\\"totalPages\\\":1,\\\"data\\\":[{\\\"id\\\":\\\"7e111ad1-78d6-4ab6-9bb6-fe28dabd65d6\\\",\\\"name\\\":\\\"Tai nghe Apple Earpods Lightning Chính Hãng MMTN2ZA\\\",\\\"image\\\":\\\"https://res.cloudinary.com/dkkh1gtoj/image/upload/v1698044576/viettaiit-ecommerce/products/qihl2sxqkxp6bnuf2fiz.jpg\\\",\\\"slug\\\":\\\"tai-nghe-apple-earpods-lightning-chinh-hang-mmtn2za\\\",\\\"description\\\":\\\"Được hỗ trợ 1 đổi 1 trong 7 ngày nếu có lỗi từ nhà sản xuất\\\",\\\"discount\\\":0,\\\"price\\\":890000,\\\"createdAt\\\":\\\"2023-10-23T07:04:27.000Z\\\",\\\"updatedAt\\\":\\\"2023-10-23T07:04:27.000Z\\\",\\\"categoryId\\\":\\\"b39ea7b2-cc38-4dd4-89f4-6c738903b3e0\\\",\\\"providerId\\\":\\\"8f24916a-cf31-4b04-a2e3-95d4d8abaa12\\\",\\\"provider\\\":{\\\"id\\\":\\\"8f24916a-cf31-4b04-a2e3-95d4d8abaa12\\\",\\\"providerName\\\":\\\"Apple\\\"},\\\"category\\\":{\\\"id\\\":\\\"b39ea7b2-cc38-4dd4-89f4-6c738903b3e0\\\",\\\"categoryName\\\":\\\"Âm thanh\\\",\\\"image\\\":\\\"https://res.cloudinary.com/dkkh1gtoj/image/upload/v1697898562/viettaiit-ecommerce/categories/jqh2ucdo1lga8qxn0b7a.png\\\"}}]}\"','categoryId:b39ea7b2-cc38-4dd4-89f4-6c738903b3e0,page:1,limit:8,offset:0,sort:createdAt','2023-10-23 11:12:33','2023-10-23 11:12:33'),('32be8a44-345f-47e1-8c1a-81697ce603e7','\"{\\\"id\\\":\\\"7fef891d-05d2-43b1-8af6-e7e28519fbf3\\\",\\\"name\\\":\\\"iPad Air 5 512GB 5G - Chính hãng VN\\\",\\\"image\\\":\\\"https://res.cloudinary.com/dkkh1gtoj/image/upload/v1698046050/viettaiit-ecommerce/products/d9kugj1434xegi2bml7t.jpg\\\",\\\"slug\\\":\\\"ipad-air-5-512gb-5g-chinh-hang-vn\\\",\\\"description\\\":\\\"Được hỗ trợ 1 đổi 1 trong 30 ngày nếu có lỗi từ nhà sản xuất\\\",\\\"discount\\\":0,\\\"price\\\":12000000,\\\"categoryId\\\":\\\"5102c8b2-1dd5-481a-96e7-d61250f2ea05\\\",\\\"providerId\\\":\\\"8f24916a-cf31-4b04-a2e3-95d4d8abaa12\\\",\\\"productItems\\\":[{\\\"id\\\":\\\"25a3cab4-b0a6-432d-84bb-bc48ad1fa84e\\\",\\\"qtyInStock\\\":321,\\\"isSpecial\\\":true,\\\"image\\\":\\\"https://res.cloudinary.com/dkkh1gtoj/image/upload/v1698046050/viettaiit-ecommerce/products/w61y7dt5t9oivoqheeac.jpg\\\",\\\"colorId\\\":\\\"7c81009d-8081-4a7e-b668-6284d90bb9b6\\\",\\\"productId\\\":\\\"7fef891d-05d2-43b1-8af6-e7e28519fbf3\\\",\\\"color\\\":{\\\"id\\\":\\\"7c81009d-8081-4a7e-b668-6284d90bb9b6\\\",\\\"value\\\":\\\"red\\\"}},{\\\"id\\\":\\\"cf7cdfd6-be4a-45bd-8a0f-6686931cc8c8\\\",\\\"qtyInStock\\\":321,\\\"isSpecial\\\":false,\\\"image\\\":\\\"https://res.cloudinary.com/dkkh1gtoj/image/upload/v1698046050/viettaiit-ecommerce/products/bsmkrcnfjigl633qwcmg.jpg\\\",\\\"colorId\\\":\\\"aafe6a22-2a6f-4929-a61c-f8dfe4109ca8\\\",\\\"productId\\\":\\\"7fef891d-05d2-43b1-8af6-e7e28519fbf3\\\",\\\"color\\\":{\\\"id\\\":\\\"aafe6a22-2a6f-4929-a61c-f8dfe4109ca8\\\",\\\"value\\\":\\\"black\\\"}},{\\\"id\\\":\\\"fbd22e32-ff7b-402f-8308-3aa2ca391bb3\\\",\\\"qtyInStock\\\":321,\\\"isSpecial\\\":false,\\\"image\\\":\\\"https://res.cloudinary.com/dkkh1gtoj/image/upload/v1698046050/viettaiit-ecommerce/products/d9kugj1434xegi2bml7t.jpg\\\",\\\"colorId\\\":\\\"922b2665-dc8b-4673-ae62-35a0678c817b\\\",\\\"productId\\\":\\\"7fef891d-05d2-43b1-8af6-e7e28519fbf3\\\",\\\"color\\\":{\\\"id\\\":\\\"922b2665-dc8b-4673-ae62-35a0678c817b\\\",\\\"value\\\":\\\"violet\\\"}}],\\\"category\\\":{\\\"id\\\":\\\"5102c8b2-1dd5-481a-96e7-d61250f2ea05\\\",\\\"categoryName\\\":\\\"IPad\\\",\\\"image\\\":\\\"https://res.cloudinary.com/dkkh1gtoj/image/upload/v1698037897/viettaiit-ecommerce/categories/ipad_ff4r3b.webp\\\"},\\\"provider\\\":{\\\"id\\\":\\\"8f24916a-cf31-4b04-a2e3-95d4d8abaa12\\\",\\\"providerName\\\":\\\"Apple\\\"}}\"','product-detail-name:ipad-air-5-512gb-5g-chinh-hang-vn','2023-11-12 20:18:28','2023-11-12 20:18:28'),('40b80a00-9235-42e3-ab14-03657fff6949','\"{\\\"page\\\":1,\\\"total\\\":6,\\\"totalPages\\\":1,\\\"data\\\":[{\\\"id\\\":\\\"b929817a-b2dd-4ef8-8be7-e35c47a893f7\\\",\\\"name\\\":\\\"Apple Watch S3 2022 LTE 44mm - Chính hãng VN/A\\\",\\\"image\\\":\\\"https://res.cloudinary.com/dkkh1gtoj/image/upload/v1698044306/viettaiit-ecommerce/products/s5knbkcrdvpfi0stiqdy.jpg\\\",\\\"slug\\\":\\\"apple-watch-s3-2022-lte-44mm-chinh-hang-vna\\\",\\\"description\\\":\\\"Được hỗ trợ 1 đổi 1 trong 30 ngày nếu có lỗi từ nhà sản xuất\\\",\\\"discount\\\":2,\\\"price\\\":10000000,\\\"createdAt\\\":\\\"2023-10-23T06:59:58.000Z\\\",\\\"updatedAt\\\":\\\"2023-10-23T06:59:58.000Z\\\",\\\"categoryId\\\":\\\"052c5089-4a6c-4d0a-b439-ef4e957df1b8\\\",\\\"providerId\\\":\\\"8f24916a-cf31-4b04-a2e3-95d4d8abaa12\\\",\\\"provider\\\":{\\\"id\\\":\\\"8f24916a-cf31-4b04-a2e3-95d4d8abaa12\\\",\\\"providerName\\\":\\\"Apple\\\"},\\\"category\\\":{\\\"id\\\":\\\"052c5089-4a6c-4d0a-b439-ef4e957df1b8\\\",\\\"categoryName\\\":\\\"Watch\\\",\\\"image\\\":\\\"https://res.cloudinary.com/dkkh1gtoj/image/upload/v1697898562/viettaiit-ecommerce/categories/xuabv3c3cowy0gbxguv0.png\\\"}},{\\\"id\\\":\\\"d2682d25-17c2-4d9c-ae47-2cab05d3fee5\\\",\\\"name\\\":\\\"Apple Watch S6 2022 LTE 44mm - Chính hãng VN/A\\\",\\\"image\\\":\\\"https://res.cloudinary.com/dkkh1gtoj/image/upload/v1698044339/viettaiit-ecommerce/products/txzlnuyxvah0zdapnkbj.jpg\\\",\\\"slug\\\":\\\"apple-watch-s6-2022-lte-44mm-chinh-hang-vna\\\",\\\"description\\\":\\\"Được hỗ trợ 1 đổi 1 trong 30 ngày nếu có lỗi từ nhà sản xuất\\\",\\\"discount\\\":12,\\\"price\\\":32490000,\\\"createdAt\\\":\\\"2023-10-23T07:00:31.000Z\\\",\\\"updatedAt\\\":\\\"2023-10-23T07:00:31.000Z\\\",\\\"categoryId\\\":\\\"052c5089-4a6c-4d0a-b439-ef4e957df1b8\\\",\\\"providerId\\\":\\\"8f24916a-cf31-4b04-a2e3-95d4d8abaa12\\\",\\\"provider\\\":{\\\"id\\\":\\\"8f24916a-cf31-4b04-a2e3-95d4d8abaa12\\\",\\\"providerName\\\":\\\"Apple\\\"},\\\"category\\\":{\\\"id\\\":\\\"052c5089-4a6c-4d0a-b439-ef4e957df1b8\\\",\\\"categoryName\\\":\\\"Watch\\\",\\\"image\\\":\\\"https://res.cloudinary.com/dkkh1gtoj/image/upload/v1697898562/viettaiit-ecommerce/categories/xuabv3c3cowy0gbxguv0.png\\\"}},{\\\"id\\\":\\\"359b3c98-b1ad-4baa-b490-50f868a94e7b\\\",\\\"name\\\":\\\"Apple Watch S7 2022 LTE 44mm - Chính hãng VN/A\\\",\\\"image\\\":\\\"https://res.cloudinary.com/dkkh1gtoj/image/upload/v1698044362/viettaiit-ecommerce/products/gnr1ldapd9l6ufy6gdh6.jpg\\\",\\\"slug\\\":\\\"apple-watch-s7-2022-lte-44mm-chinh-hang-vna\\\",\\\"description\\\":\\\"Được hỗ trợ 1 đổi 1 trong 30 ngày nếu có lỗi từ nhà sản xuất\\\",\\\"discount\\\":0,\\\"price\\\":16000000,\\\"createdAt\\\":\\\"2023-10-23T07:00:54.000Z\\\",\\\"updatedAt\\\":\\\"2023-10-23T07:00:54.000Z\\\",\\\"categoryId\\\":\\\"052c5089-4a6c-4d0a-b439-ef4e957df1b8\\\",\\\"providerId\\\":\\\"8f24916a-cf31-4b04-a2e3-95d4d8abaa12\\\",\\\"provider\\\":{\\\"id\\\":\\\"8f24916a-cf31-4b04-a2e3-95d4d8abaa12\\\",\\\"providerName\\\":\\\"Apple\\\"},\\\"category\\\":{\\\"id\\\":\\\"052c5089-4a6c-4d0a-b439-ef4e957df1b8\\\",\\\"categoryName\\\":\\\"Watch\\\",\\\"image\\\":\\\"https://res.cloudinary.com/dkkh1gtoj/image/upload/v1697898562/viettaiit-ecommerce/categories/xuabv3c3cowy0gbxguv0.png\\\"}},{\\\"id\\\":\\\"93394df3-30c1-4b97-abc0-8ad69cf9909d\\\",\\\"name\\\":\\\"Apple Watch S8 2022 LTE 44mm - Chính hãng VN/A\\\",\\\"image\\\":\\\"https://res.cloudinary.com/dkkh1gtoj/image/upload/v1698044275/viettaiit-ecommerce/products/g3ffpnjs1jl6aqrztq09.jpg\\\",\\\"slug\\\":\\\"apple-watch-s8-2022-lte-44mm-chinh-hang-vna\\\",\\\"description\\\":\\\"Được hỗ trợ 1 đổi 1 trong 30 ngày nếu có lỗi từ nhà sản xuất\\\",\\\"discount\\\":0,\\\"price\\\":15000000,\\\"createdAt\\\":\\\"2023-10-23T06:59:27.000Z\\\",\\\"updatedAt\\\":\\\"2023-10-23T06:59:27.000Z\\\",\\\"categoryId\\\":\\\"052c5089-4a6c-4d0a-b439-ef4e957df1b8\\\",\\\"providerId\\\":\\\"8f24916a-cf31-4b04-a2e3-95d4d8abaa12\\\",\\\"provider\\\":{\\\"id\\\":\\\"8f24916a-cf31-4b04-a2e3-95d4d8abaa12\\\",\\\"providerName\\\":\\\"Apple\\\"},\\\"category\\\":{\\\"id\\\":\\\"052c5089-4a6c-4d0a-b439-ef4e957df1b8\\\",\\\"categoryName\\\":\\\"Watch\\\",\\\"image\\\":\\\"https://res.cloudinary.com/dkkh1gtoj/image/upload/v1697898562/viettaiit-ecommerce/categories/xuabv3c3cowy0gbxguv0.png\\\"}},{\\\"id\\\":\\\"c78609fe-09fe-4c4f-8be6-7ba89c309dc4\\\",\\\"name\\\":\\\"Apple Watch SE 2022 LTE 44mm - Chính hãng VN/A\\\",\\\"image\\\":\\\"https://res.cloudinary.com/dkkh1gtoj/image/upload/v1698044214/viettaiit-ecommerce/products/ct8us8eplfhzdg20ueme.jpg\\\",\\\"slug\\\":\\\"apple-watch-se-2022-lte-44mm-chinh-hang-vna\\\",\\\"description\\\":\\\"Được hỗ trợ 1 đổi 1 trong 30 ngày nếu có lỗi từ nhà sản xuất\\\",\\\"discount\\\":12,\\\"price\\\":12000000,\\\"createdAt\\\":\\\"2023-10-23T06:58:26.000Z\\\",\\\"updatedAt\\\":\\\"2023-10-23T06:58:26.000Z\\\",\\\"categoryId\\\":\\\"052c5089-4a6c-4d0a-b439-ef4e957df1b8\\\",\\\"providerId\\\":\\\"8f24916a-cf31-4b04-a2e3-95d4d8abaa12\\\",\\\"provider\\\":{\\\"id\\\":\\\"8f24916a-cf31-4b04-a2e3-95d4d8abaa12\\\",\\\"providerName\\\":\\\"Apple\\\"},\\\"category\\\":{\\\"id\\\":\\\"052c5089-4a6c-4d0a-b439-ef4e957df1b8\\\",\\\"categoryName\\\":\\\"Watch\\\",\\\"image\\\":\\\"https://res.cloudinary.com/dkkh1gtoj/image/upload/v1697898562/viettaiit-ecommerce/categories/xuabv3c3cowy0gbxguv0.png\\\"}},{\\\"id\\\":\\\"716bb738-3faa-4779-8065-67f200850004\\\",\\\"name\\\":\\\"Apple Watch Ultra 2022 LTE 44mm - Chính hãng VN/A\\\",\\\"image\\\":\\\"https://res.cloudinary.com/dkkh1gtoj/image/upload/v1698044394/viettaiit-ecommerce/products/hkunzihimmxyvs60xpyx.jpg\\\",\\\"slug\\\":\\\"apple-watch-ultra-2022-lte-44mm-chinh-hang-vna\\\",\\\"description\\\":\\\"Được hỗ trợ 1 đổi 1 trong 30 ngày nếu có lỗi từ nhà sản xuất\\\",\\\"discount\\\":12,\\\"price\\\":14000000,\\\"createdAt\\\":\\\"2023-10-23T07:01:27.000Z\\\",\\\"updatedAt\\\":\\\"2023-10-23T07:01:27.000Z\\\",\\\"categoryId\\\":\\\"052c5089-4a6c-4d0a-b439-ef4e957df1b8\\\",\\\"providerId\\\":\\\"8f24916a-cf31-4b04-a2e3-95d4d8abaa12\\\",\\\"provider\\\":{\\\"id\\\":\\\"8f24916a-cf31-4b04-a2e3-95d4d8abaa12\\\",\\\"providerName\\\":\\\"Apple\\\"},\\\"category\\\":{\\\"id\\\":\\\"052c5089-4a6c-4d0a-b439-ef4e957df1b8\\\",\\\"categoryName\\\":\\\"Watch\\\",\\\"image\\\":\\\"https://res.cloudinary.com/dkkh1gtoj/image/upload/v1697898562/viettaiit-ecommerce/categories/xuabv3c3cowy0gbxguv0.png\\\"}}]}\"','categoryId:052c5089-4a6c-4d0a-b439-ef4e957df1b8,page:1,limit:8,offset:0,sort:name','2023-10-23 11:12:40','2023-10-23 11:12:40'),('5055341e-7775-4d09-9f07-d7d51737c485','\"{\\\"page\\\":1,\\\"total\\\":1,\\\"totalPages\\\":1,\\\"data\\\":[{\\\"id\\\":\\\"716bb738-3faa-4779-8065-67f200850004\\\",\\\"name\\\":\\\"Apple Watch Ultra 2022 LTE 44mm - Chính hãng VN/A\\\",\\\"image\\\":\\\"https://res.cloudinary.com/dkkh1gtoj/image/upload/v1698044394/viettaiit-ecommerce/products/hkunzihimmxyvs60xpyx.jpg\\\",\\\"slug\\\":\\\"apple-watch-ultra-2022-lte-44mm-chinh-hang-vna\\\",\\\"description\\\":\\\"Được hỗ trợ 1 đổi 1 trong 30 ngày nếu có lỗi từ nhà sản xuất\\\",\\\"discount\\\":12,\\\"price\\\":14000000,\\\"createdAt\\\":\\\"2023-10-23T07:01:27.000Z\\\",\\\"updatedAt\\\":\\\"2023-10-23T07:01:27.000Z\\\",\\\"categoryId\\\":\\\"052c5089-4a6c-4d0a-b439-ef4e957df1b8\\\",\\\"providerId\\\":\\\"8f24916a-cf31-4b04-a2e3-95d4d8abaa12\\\",\\\"provider\\\":{\\\"id\\\":\\\"8f24916a-cf31-4b04-a2e3-95d4d8abaa12\\\",\\\"providerName\\\":\\\"Apple\\\"},\\\"category\\\":{\\\"id\\\":\\\"052c5089-4a6c-4d0a-b439-ef4e957df1b8\\\",\\\"categoryName\\\":\\\"Watch\\\",\\\"image\\\":\\\"https://res.cloudinary.com/dkkh1gtoj/image/upload/v1697898562/viettaiit-ecommerce/categories/xuabv3c3cowy0gbxguv0.png\\\"}}]}\"','name:Apple Watch Ultra,page:1,limit:8,offset:0','2023-10-23 11:18:13','2023-10-23 11:18:13'),('5348aa76-02c6-4763-aa5e-75ed085b9ba6','\"{\\\"page\\\":1,\\\"total\\\":1,\\\"totalPages\\\":1,\\\"data\\\":[{\\\"id\\\":\\\"c78609fe-09fe-4c4f-8be6-7ba89c309dc4\\\",\\\"name\\\":\\\"Apple Watch SE 2022 LTE 44mm - Chính hãng VN/A\\\",\\\"image\\\":\\\"https://res.cloudinary.com/dkkh1gtoj/image/upload/v1698044214/viettaiit-ecommerce/products/ct8us8eplfhzdg20ueme.jpg\\\",\\\"slug\\\":\\\"apple-watch-se-2022-lte-44mm-chinh-hang-vna\\\",\\\"description\\\":\\\"Được hỗ trợ 1 đổi 1 trong 30 ngày nếu có lỗi từ nhà sản xuất\\\",\\\"discount\\\":12,\\\"price\\\":12000000,\\\"createdAt\\\":\\\"2023-10-23T06:58:26.000Z\\\",\\\"updatedAt\\\":\\\"2023-10-23T06:58:26.000Z\\\",\\\"categoryId\\\":\\\"052c5089-4a6c-4d0a-b439-ef4e957df1b8\\\",\\\"providerId\\\":\\\"8f24916a-cf31-4b04-a2e3-95d4d8abaa12\\\",\\\"provider\\\":{\\\"id\\\":\\\"8f24916a-cf31-4b04-a2e3-95d4d8abaa12\\\",\\\"providerName\\\":\\\"Apple\\\"},\\\"category\\\":{\\\"id\\\":\\\"052c5089-4a6c-4d0a-b439-ef4e957df1b8\\\",\\\"categoryName\\\":\\\"Watch\\\",\\\"image\\\":\\\"https://res.cloudinary.com/dkkh1gtoj/image/upload/v1697898562/viettaiit-ecommerce/categories/xuabv3c3cowy0gbxguv0.png\\\"}}]}\"','name:Apple Watch SE,page:1,limit:8,offset:0','2023-10-23 11:18:15','2023-10-23 11:18:15'),('637fb02b-2ed8-4519-91e3-27da59cfb4bf','\"{\\\"id\\\":\\\"1d68e97a-5d7e-4dc4-b06e-bb3cda07a25e\\\",\\\"name\\\":\\\"Macbook Pro 13 inch M1 LATE 2020 256GB - New seal Hàng Chính Hãng VN - (MGN63 - MGN93 - MGND3)\\\",\\\"image\\\":\\\"https://res.cloudinary.com/dkkh1gtoj/image/upload/v1698045767/viettaiit-ecommerce/products/5_qnr84q.webp\\\",\\\"slug\\\":\\\"macbook-pro-13-inch-m1-late-2020-256gb-new-seal-hang-chinh-hang-vn-mgn63-mgn93-mgnd3\\\",\\\"description\\\":\\\"Được hỗ trợ 1 đổi 1 trong 7 ngày nếu có lỗi từ nhà sản xuất\\\",\\\"discount\\\":12,\\\"price\\\":23000000,\\\"categoryId\\\":\\\"4dfe0b0c-eece-477e-aa19-2c15b51d1faa\\\",\\\"providerId\\\":\\\"8f24916a-cf31-4b04-a2e3-95d4d8abaa12\\\",\\\"productItems\\\":[{\\\"id\\\":\\\"b38a57a9-34ae-4c17-9440-943a4e220a64\\\",\\\"qtyInStock\\\":321,\\\"isSpecial\\\":true,\\\"image\\\":\\\"https://res.cloudinary.com/dkkh1gtoj/image/upload/v1698043763/viettaiit-ecommerce/products/nnau00ujqpktn7evbevg.jpg\\\",\\\"colorId\\\":\\\"3cb6fb7e-2b04-4413-87ca-82450edf64bf\\\",\\\"productId\\\":\\\"1d68e97a-5d7e-4dc4-b06e-bb3cda07a25e\\\",\\\"color\\\":{\\\"id\\\":\\\"3cb6fb7e-2b04-4413-87ca-82450edf64bf\\\",\\\"value\\\":\\\"orange\\\"}},{\\\"id\\\":\\\"b56b30a4-9cf1-495b-a3ee-c9dbbf328e88\\\",\\\"qtyInStock\\\":12,\\\"isSpecial\\\":false,\\\"image\\\":\\\"https://res.cloudinary.com/dkkh1gtoj/image/upload/v1698043763/viettaiit-ecommerce/products/fixxifvkier8htwrehfb.jpg\\\",\\\"colorId\\\":\\\"922b2665-dc8b-4673-ae62-35a0678c817b\\\",\\\"productId\\\":\\\"1d68e97a-5d7e-4dc4-b06e-bb3cda07a25e\\\",\\\"color\\\":{\\\"id\\\":\\\"922b2665-dc8b-4673-ae62-35a0678c817b\\\",\\\"value\\\":\\\"violet\\\"}},{\\\"id\\\":\\\"fef5fdfa-48dd-449e-bbe1-ad6a90a46b4c\\\",\\\"qtyInStock\\\":321,\\\"isSpecial\\\":false,\\\"image\\\":\\\"https://res.cloudinary.com/dkkh1gtoj/image/upload/v1698043763/viettaiit-ecommerce/products/xc3lnc76tev0zfxev5m3.jpg\\\",\\\"colorId\\\":\\\"6d6135af-2423-48b0-a572-dce7306fb1c3\\\",\\\"productId\\\":\\\"1d68e97a-5d7e-4dc4-b06e-bb3cda07a25e\\\",\\\"color\\\":{\\\"id\\\":\\\"6d6135af-2423-48b0-a572-dce7306fb1c3\\\",\\\"value\\\":\\\"gray\\\"}}],\\\"category\\\":{\\\"id\\\":\\\"4dfe0b0c-eece-477e-aa19-2c15b51d1faa\\\",\\\"categoryName\\\":\\\"Mac\\\",\\\"image\\\":\\\"https://res.cloudinary.com/dkkh1gtoj/image/upload/v1697898562/viettaiit-ecommerce/categories/yuh4hmscqk75nqod6dkr.png\\\"},\\\"provider\\\":{\\\"id\\\":\\\"8f24916a-cf31-4b04-a2e3-95d4d8abaa12\\\",\\\"providerName\\\":\\\"Apple\\\"}}\"','product-detail-name:macbook-pro-13-inch-m1-late-2020-256gb-new-seal-hang-chinh-hang-vn-mgn63-mgn93-mgnd3','2023-10-23 11:18:26','2023-10-23 11:18:26'),('68ecbb64-82e1-4353-b2c1-db08c5697888','\"{\\\"page\\\":2,\\\"total\\\":10,\\\"totalPages\\\":2,\\\"data\\\":[{\\\"id\\\":\\\"86d0c145-a9ad-447a-aa9e-13a0510a4a89\\\",\\\"name\\\":\\\"iPhone 13 Pro Max 512GB - Chính hãng VNA\\\",\\\"image\\\":\\\"https://res.cloudinary.com/dkkh1gtoj/image/upload/v1698043600/viettaiit-ecommerce/products/v6ihbnt0dzlkt1fla4bl.jpg\\\",\\\"slug\\\":\\\"iphone-13-pro-max-512gb-chinh-hang-vna\\\",\\\"description\\\":\\\"Được hỗ trợ 1 đổi 1 trong 30 ngày nếu có lỗi từ nhà sản xuất\\\",\\\"discount\\\":0,\\\"price\\\":20000000,\\\"createdAt\\\":\\\"2023-10-23T06:48:12.000Z\\\",\\\"updatedAt\\\":\\\"2023-10-23T06:48:12.000Z\\\",\\\"categoryId\\\":\\\"f47ac10b-58cc-4372-a567-0e02b2c3d479\\\",\\\"providerId\\\":\\\"8f24916a-cf31-4b04-a2e3-95d4d8abaa12\\\",\\\"provider\\\":{\\\"id\\\":\\\"8f24916a-cf31-4b04-a2e3-95d4d8abaa12\\\",\\\"providerName\\\":\\\"Apple\\\"},\\\"category\\\":{\\\"id\\\":\\\"f47ac10b-58cc-4372-a567-0e02b2c3d479\\\",\\\"categoryName\\\":\\\"IPhone\\\",\\\"image\\\":\\\"https://res.cloudinary.com/dkkh1gtoj/image/upload/v1697898562/viettaiit-ecommerce/categories/uxxh2grpyoqognxietg1.png\\\"}},{\\\"id\\\":\\\"6e00e2cc-aa40-415a-bd74-bf4be9e1f07e\\\",\\\"name\\\":\\\"iPhone 12 Plus 512GB - Chính hãng VNA\\\",\\\"image\\\":\\\"https://res.cloudinary.com/dkkh1gtoj/image/upload/v1698043636/viettaiit-ecommerce/products/hc626ehjmuq92hghtdav.jpg\\\",\\\"slug\\\":\\\"iphone-12-plus-512gb-chinh-hang-vna\\\",\\\"description\\\":\\\"Được hỗ trợ 1 đổi 1 trong 30 ngày nếu có lỗi từ nhà sản xuất\\\",\\\"discount\\\":2,\\\"price\\\":12000000,\\\"createdAt\\\":\\\"2023-10-23T06:48:48.000Z\\\",\\\"updatedAt\\\":\\\"2023-10-23T06:48:48.000Z\\\",\\\"categoryId\\\":\\\"f47ac10b-58cc-4372-a567-0e02b2c3d479\\\",\\\"providerId\\\":\\\"8f24916a-cf31-4b04-a2e3-95d4d8abaa12\\\",\\\"provider\\\":{\\\"id\\\":\\\"8f24916a-cf31-4b04-a2e3-95d4d8abaa12\\\",\\\"providerName\\\":\\\"Apple\\\"},\\\"category\\\":{\\\"id\\\":\\\"f47ac10b-58cc-4372-a567-0e02b2c3d479\\\",\\\"categoryName\\\":\\\"IPhone\\\",\\\"image\\\":\\\"https://res.cloudinary.com/dkkh1gtoj/image/upload/v1697898562/viettaiit-ecommerce/categories/uxxh2grpyoqognxietg1.png\\\"}}]}\"','categoryId:f47ac10b-58cc-4372-a567-0e02b2c3d479,page:2,limit:8,offset:8,sort:createdAt','2023-10-23 11:12:23','2023-10-23 11:12:23'),('704c34af-db30-4480-83c3-17312962735f','\"{\\\"page\\\":1,\\\"total\\\":10,\\\"totalPages\\\":2,\\\"data\\\":[{\\\"id\\\":\\\"516d7068-03c7-45b9-8fa6-e1969322d3a9\\\",\\\"name\\\":\\\"iPhone 14 256GB - Chính hãng VN\\\",\\\"image\\\":\\\"https://res.cloudinary.com/dkkh1gtoj/image/upload/v1698043166/viettaiit-ecommerce/products/czvuktxxqpbwhztqvdfj.jpg\\\",\\\"slug\\\":\\\"iphone-14-256gb-chinh-hang-vn\\\",\\\"description\\\":\\\"Được hỗ trợ 1 đổi 1 trong 30 ngày nếu có lỗi từ nhà sản xuất\\\",\\\"discount\\\":12,\\\"price\\\":32490000,\\\"createdAt\\\":\\\"2023-10-23T06:40:58.000Z\\\",\\\"updatedAt\\\":\\\"2023-10-23T06:40:58.000Z\\\",\\\"categoryId\\\":\\\"f47ac10b-58cc-4372-a567-0e02b2c3d479\\\",\\\"providerId\\\":\\\"8f24916a-cf31-4b04-a2e3-95d4d8abaa12\\\",\\\"provider\\\":{\\\"id\\\":\\\"8f24916a-cf31-4b04-a2e3-95d4d8abaa12\\\",\\\"providerName\\\":\\\"Apple\\\"},\\\"category\\\":{\\\"id\\\":\\\"f47ac10b-58cc-4372-a567-0e02b2c3d479\\\",\\\"categoryName\\\":\\\"IPhone\\\",\\\"image\\\":\\\"https://res.cloudinary.com/dkkh1gtoj/image/upload/v1697898562/viettaiit-ecommerce/categories/uxxh2grpyoqognxietg1.png\\\"}},{\\\"id\\\":\\\"d3b1d4d9-0e26-4b0a-b863-a615bfe7e6be\\\",\\\"name\\\":\\\"iPhone 13 256GB - Chính hãng VNA\\\",\\\"image\\\":\\\"https://res.cloudinary.com/dkkh1gtoj/image/upload/v1698043229/viettaiit-ecommerce/products/qsbruz8knlibsjgadlae.jpg\\\",\\\"slug\\\":\\\"iphone-13-256gb-chinh-hang-vna\\\",\\\"description\\\":\\\"Được hỗ trợ 1 đổi 1 trong 30 ngày nếu có lỗi từ nhà sản xuất\\\",\\\"discount\\\":12,\\\"price\\\":30490000,\\\"createdAt\\\":\\\"2023-10-23T06:42:01.000Z\\\",\\\"updatedAt\\\":\\\"2023-10-23T06:42:01.000Z\\\",\\\"categoryId\\\":\\\"f47ac10b-58cc-4372-a567-0e02b2c3d479\\\",\\\"providerId\\\":\\\"8f24916a-cf31-4b04-a2e3-95d4d8abaa12\\\",\\\"provider\\\":{\\\"id\\\":\\\"8f24916a-cf31-4b04-a2e3-95d4d8abaa12\\\",\\\"providerName\\\":\\\"Apple\\\"},\\\"category\\\":{\\\"id\\\":\\\"f47ac10b-58cc-4372-a567-0e02b2c3d479\\\",\\\"categoryName\\\":\\\"IPhone\\\",\\\"image\\\":\\\"https://res.cloudinary.com/dkkh1gtoj/image/upload/v1697898562/viettaiit-ecommerce/categories/uxxh2grpyoqognxietg1.png\\\"}},{\\\"id\\\":\\\"82bfed84-1ed9-466f-905c-5dfa587c3e54\\\",\\\"name\\\":\\\"iPhone 13 512GB - Chính hãng VN/A\\\",\\\"image\\\":\\\"https://res.cloudinary.com/dkkh1gtoj/image/upload/v1698043331/viettaiit-ecommerce/products/u4mg6kqictzcnhhdvgja.jpg\\\",\\\"slug\\\":\\\"iphone-13-512gb-chinh-hang-vna\\\",\\\"description\\\":\\\"Được hỗ trợ 1 đổi 1 trong 30 ngày nếu có lỗi từ nhà sản xuất\\\",\\\"discount\\\":12,\\\"price\\\":30000000,\\\"createdAt\\\":\\\"2023-10-23T06:43:43.000Z\\\",\\\"updatedAt\\\":\\\"2023-10-23T06:43:43.000Z\\\",\\\"categoryId\\\":\\\"f47ac10b-58cc-4372-a567-0e02b2c3d479\\\",\\\"providerId\\\":\\\"8f24916a-cf31-4b04-a2e3-95d4d8abaa12\\\",\\\"provider\\\":{\\\"id\\\":\\\"8f24916a-cf31-4b04-a2e3-95d4d8abaa12\\\",\\\"providerName\\\":\\\"Apple\\\"},\\\"category\\\":{\\\"id\\\":\\\"f47ac10b-58cc-4372-a567-0e02b2c3d479\\\",\\\"categoryName\\\":\\\"IPhone\\\",\\\"image\\\":\\\"https://res.cloudinary.com/dkkh1gtoj/image/upload/v1697898562/viettaiit-ecommerce/categories/uxxh2grpyoqognxietg1.png\\\"}},{\\\"id\\\":\\\"d4b7fc10-da2e-4f5f-ab9d-55f4b097baaf\\\",\\\"name\\\":\\\"iPhone 12 512GB - Chính hãng VNA\\\",\\\"image\\\":\\\"https://res.cloudinary.com/dkkh1gtoj/image/upload/v1698043397/viettaiit-ecommerce/products/d88shtrkemgundpn0giy.jpg\\\",\\\"slug\\\":\\\"iphone-12-512gb-chinh-hang-vna\\\",\\\"description\\\":\\\"Được hỗ trợ 1 đổi 1 trong 30 ngày nếu có lỗi từ nhà sản xuất\\\",\\\"discount\\\":1,\\\"price\\\":20000000,\\\"createdAt\\\":\\\"2023-10-23T06:44:49.000Z\\\",\\\"updatedAt\\\":\\\"2023-10-23T06:44:49.000Z\\\",\\\"categoryId\\\":\\\"f47ac10b-58cc-4372-a567-0e02b2c3d479\\\",\\\"providerId\\\":\\\"8f24916a-cf31-4b04-a2e3-95d4d8abaa12\\\",\\\"provider\\\":{\\\"id\\\":\\\"8f24916a-cf31-4b04-a2e3-95d4d8abaa12\\\",\\\"providerName\\\":\\\"Apple\\\"},\\\"category\\\":{\\\"id\\\":\\\"f47ac10b-58cc-4372-a567-0e02b2c3d479\\\",\\\"categoryName\\\":\\\"IPhone\\\",\\\"image\\\":\\\"https://res.cloudinary.com/dkkh1gtoj/image/upload/v1697898562/viettaiit-ecommerce/categories/uxxh2grpyoqognxietg1.png\\\"}},{\\\"id\\\":\\\"9e460cdb-2d33-4995-8f6a-43d37d81c6d0\\\",\\\"name\\\":\\\"iPhone 11 512GB - Chính hãng VNA\\\",\\\"image\\\":\\\"https://res.cloudinary.com/dkkh1gtoj/image/upload/v1698043439/viettaiit-ecommerce/products/kprugme4flc8vguj4ek2.jpg\\\",\\\"slug\\\":\\\"iphone-11-512gb-chinh-hang-vna\\\",\\\"description\\\":\\\"Được hỗ trợ 1 đổi 1 trong 30 ngày nếu có lỗi từ nhà sản xuất\\\",\\\"discount\\\":1,\\\"price\\\":10000000,\\\"createdAt\\\":\\\"2023-10-23T06:45:31.000Z\\\",\\\"updatedAt\\\":\\\"2023-10-23T06:45:31.000Z\\\",\\\"categoryId\\\":\\\"f47ac10b-58cc-4372-a567-0e02b2c3d479\\\",\\\"providerId\\\":\\\"8f24916a-cf31-4b04-a2e3-95d4d8abaa12\\\",\\\"provider\\\":{\\\"id\\\":\\\"8f24916a-cf31-4b04-a2e3-95d4d8abaa12\\\",\\\"providerName\\\":\\\"Apple\\\"},\\\"category\\\":{\\\"id\\\":\\\"f47ac10b-58cc-4372-a567-0e02b2c3d479\\\",\\\"categoryName\\\":\\\"IPhone\\\",\\\"image\\\":\\\"https://res.cloudinary.com/dkkh1gtoj/image/upload/v1697898562/viettaiit-ecommerce/categories/uxxh2grpyoqognxietg1.png\\\"}},{\\\"id\\\":\\\"6ff07fad-34c7-4c82-b173-f84044f6f595\\\",\\\"name\\\":\\\"iPhone 14 Plus 512GB - Chính hãng VNA\\\",\\\"image\\\":\\\"https://res.cloudinary.com/dkkh1gtoj/image/upload/v1698043488/viettaiit-ecommerce/products/iqvyxcmcekg8shbgsbid.jpg\\\",\\\"slug\\\":\\\"iphone-14-plus-512gb-chinh-hang-vna\\\",\\\"description\\\":\\\"Được hỗ trợ 1 đổi 1 trong 30 ngày nếu có lỗi từ nhà sản xuất\\\",\\\"discount\\\":12,\\\"price\\\":32490000,\\\"createdAt\\\":\\\"2023-10-23T06:46:20.000Z\\\",\\\"updatedAt\\\":\\\"2023-10-23T06:46:20.000Z\\\",\\\"categoryId\\\":\\\"f47ac10b-58cc-4372-a567-0e02b2c3d479\\\",\\\"providerId\\\":\\\"8f24916a-cf31-4b04-a2e3-95d4d8abaa12\\\",\\\"provider\\\":{\\\"id\\\":\\\"8f24916a-cf31-4b04-a2e3-95d4d8abaa12\\\",\\\"providerName\\\":\\\"Apple\\\"},\\\"category\\\":{\\\"id\\\":\\\"f47ac10b-58cc-4372-a567-0e02b2c3d479\\\",\\\"categoryName\\\":\\\"IPhone\\\",\\\"image\\\":\\\"https://res.cloudinary.com/dkkh1gtoj/image/upload/v1697898562/viettaiit-ecommerce/categories/uxxh2grpyoqognxietg1.png\\\"}},{\\\"id\\\":\\\"ff4b52f7-f238-437a-a7eb-8afb902352e4\\\",\\\"name\\\":\\\"iPhone 14 Pro 512GB - Chính hãng VNA\\\",\\\"image\\\":\\\"https://res.cloudinary.com/dkkh1gtoj/image/upload/v1698043531/viettaiit-ecommerce/products/x0t5klsijtgwez3y8yne.jpg\\\",\\\"slug\\\":\\\"iphone-14-pro-512gb-chinh-hang-vna\\\",\\\"description\\\":\\\"Được hỗ trợ 1 đổi 1 trong 30 ngày nếu có lỗi từ nhà sản xuất\\\",\\\"discount\\\":10,\\\"price\\\":32490000,\\\"createdAt\\\":\\\"2023-10-23T06:47:03.000Z\\\",\\\"updatedAt\\\":\\\"2023-10-23T06:47:03.000Z\\\",\\\"categoryId\\\":\\\"f47ac10b-58cc-4372-a567-0e02b2c3d479\\\",\\\"providerId\\\":\\\"8f24916a-cf31-4b04-a2e3-95d4d8abaa12\\\",\\\"provider\\\":{\\\"id\\\":\\\"8f24916a-cf31-4b04-a2e3-95d4d8abaa12\\\",\\\"providerName\\\":\\\"Apple\\\"},\\\"category\\\":{\\\"id\\\":\\\"f47ac10b-58cc-4372-a567-0e02b2c3d479\\\",\\\"categoryName\\\":\\\"IPhone\\\",\\\"image\\\":\\\"https://res.cloudinary.com/dkkh1gtoj/image/upload/v1697898562/viettaiit-ecommerce/categories/uxxh2grpyoqognxietg1.png\\\"}},{\\\"id\\\":\\\"9fc01723-ee54-4cfc-94a3-88710d33c639\\\",\\\"name\\\":\\\"iPhone 14 Pro Max 512GB - Chính hãng VNA\\\",\\\"image\\\":\\\"https://res.cloudinary.com/dkkh1gtoj/image/upload/v1698043566/viettaiit-ecommerce/products/sp29gwmtf5nnecb97ltg.jpg\\\",\\\"slug\\\":\\\"iphone-14-pro-max-512gb-chinh-hang-vna\\\",\\\"description\\\":\\\"Được hỗ trợ 1 đổi 1 trong 30 ngày nếu có lỗi từ nhà sản xuất\\\",\\\"discount\\\":12,\\\"price\\\":12000000,\\\"createdAt\\\":\\\"2023-10-23T06:47:38.000Z\\\",\\\"updatedAt\\\":\\\"2023-10-23T06:47:38.000Z\\\",\\\"categoryId\\\":\\\"f47ac10b-58cc-4372-a567-0e02b2c3d479\\\",\\\"providerId\\\":\\\"8f24916a-cf31-4b04-a2e3-95d4d8abaa12\\\",\\\"provider\\\":{\\\"id\\\":\\\"8f24916a-cf31-4b04-a2e3-95d4d8abaa12\\\",\\\"providerName\\\":\\\"Apple\\\"},\\\"category\\\":{\\\"id\\\":\\\"f47ac10b-58cc-4372-a567-0e02b2c3d479\\\",\\\"categoryName\\\":\\\"IPhone\\\",\\\"image\\\":\\\"https://res.cloudinary.com/dkkh1gtoj/image/upload/v1697898562/viettaiit-ecommerce/categories/uxxh2grpyoqognxietg1.png\\\"}}]}\"','categoryId:f47ac10b-58cc-4372-a567-0e02b2c3d479,page:1,limit:8,offset:0,sort:createdAt','2023-10-23 11:12:34','2023-10-23 11:12:34'),('86963706-e568-4c89-ac77-647b4987b1ee','\"{\\\"page\\\":1,\\\"total\\\":3,\\\"totalPages\\\":1,\\\"data\\\":[{\\\"id\\\":\\\"73e5047a-3725-4316-9e82-f5c7d9a57e4d\\\",\\\"name\\\":\\\"Bộ Cốc + Cáp sạc Baseus 25W Type-C\\\",\\\"image\\\":\\\"https://res.cloudinary.com/dkkh1gtoj/image/upload/v1698044676/viettaiit-ecommerce/products/mgkibvv3m9jfdbeflvbp.jpg\\\",\\\"slug\\\":\\\"bo-coc-cap-sac-baseus-25w-type-c\\\",\\\"description\\\":\\\"Được hỗ trợ 1 đổi 1 trong 7 ngày nếu có lỗi từ nhà sản xuất\\\",\\\"discount\\\":0,\\\"price\\\":350000,\\\"createdAt\\\":\\\"2023-10-23T07:06:08.000Z\\\",\\\"updatedAt\\\":\\\"2023-10-23T07:06:08.000Z\\\",\\\"categoryId\\\":\\\"3f9d74d0-14c9-44d7-80b7-cd2d41104970\\\",\\\"providerId\\\":\\\"8f24916a-cf31-4b04-a2e3-95d4d8abaa12\\\",\\\"provider\\\":{\\\"id\\\":\\\"8f24916a-cf31-4b04-a2e3-95d4d8abaa12\\\",\\\"providerName\\\":\\\"Apple\\\"},\\\"category\\\":{\\\"id\\\":\\\"3f9d74d0-14c9-44d7-80b7-cd2d41104970\\\",\\\"categoryName\\\":\\\"Phụ kiện\\\",\\\"image\\\":\\\"https://res.cloudinary.com/dkkh1gtoj/image/upload/v1697898562/viettaiit-ecommerce/categories/cpsrvtubjnycg8ek0dd0.png\\\"}},{\\\"id\\\":\\\"a6f45381-90af-49ce-811d-17a4909d388e\\\",\\\"name\\\":\\\"Magic Mouse Multi-Touch 2022 màu Đen - MMMQ3ZA\\\",\\\"image\\\":\\\"https://res.cloudinary.com/dkkh1gtoj/image/upload/v1698044716/viettaiit-ecommerce/products/qssx5doleropdkgd0sbr.jpg\\\",\\\"slug\\\":\\\"magic-mouse-multi-touch-2022-mau-den-mmmq3za\\\",\\\"description\\\":\\\"Được hỗ trợ 1 đổi 1 trong 7 ngày nếu có lỗi từ nhà sản xuất\\\",\\\"discount\\\":0,\\\"price\\\":250000,\\\"createdAt\\\":\\\"2023-10-23T07:06:47.000Z\\\",\\\"updatedAt\\\":\\\"2023-10-23T07:06:47.000Z\\\",\\\"categoryId\\\":\\\"3f9d74d0-14c9-44d7-80b7-cd2d41104970\\\",\\\"providerId\\\":\\\"8f24916a-cf31-4b04-a2e3-95d4d8abaa12\\\",\\\"provider\\\":{\\\"id\\\":\\\"8f24916a-cf31-4b04-a2e3-95d4d8abaa12\\\",\\\"providerName\\\":\\\"Apple\\\"},\\\"category\\\":{\\\"id\\\":\\\"3f9d74d0-14c9-44d7-80b7-cd2d41104970\\\",\\\"categoryName\\\":\\\"Phụ kiện\\\",\\\"image\\\":\\\"https://res.cloudinary.com/dkkh1gtoj/image/upload/v1697898562/viettaiit-ecommerce/categories/cpsrvtubjnycg8ek0dd0.png\\\"}},{\\\"id\\\":\\\"8bf8a508-fe23-416f-88cb-b9e61f8cce86\\\",\\\"name\\\":\\\"Ốp lưng MagSafe iPhone 14 Apple Silicone Chính Hãng\\\",\\\"image\\\":\\\"https://res.cloudinary.com/dkkh1gtoj/image/upload/v1698044844/viettaiit-ecommerce/products/jkqgmrbwoyxlnqccxdy1.jpg\\\",\\\"slug\\\":\\\"op-lung-magsafe-iphone-14-apple-silicone-chinh-hang\\\",\\\"description\\\":\\\"Được hỗ trợ 1 đổi 1 trong 7 ngày nếu có lỗi từ nhà sản xuất\\\",\\\"discount\\\":0,\\\"price\\\":120000,\\\"createdAt\\\":\\\"2023-10-23T07:08:56.000Z\\\",\\\"updatedAt\\\":\\\"2023-10-23T07:08:56.000Z\\\",\\\"categoryId\\\":\\\"3f9d74d0-14c9-44d7-80b7-cd2d41104970\\\",\\\"providerId\\\":\\\"8f24916a-cf31-4b04-a2e3-95d4d8abaa12\\\",\\\"provider\\\":{\\\"id\\\":\\\"8f24916a-cf31-4b04-a2e3-95d4d8abaa12\\\",\\\"providerName\\\":\\\"Apple\\\"},\\\"category\\\":{\\\"id\\\":\\\"3f9d74d0-14c9-44d7-80b7-cd2d41104970\\\",\\\"categoryName\\\":\\\"Phụ kiện\\\",\\\"image\\\":\\\"https://res.cloudinary.com/dkkh1gtoj/image/upload/v1697898562/viettaiit-ecommerce/categories/cpsrvtubjnycg8ek0dd0.png\\\"}}]}\"','categoryId:3f9d74d0-14c9-44d7-80b7-cd2d41104970,page:1,limit:8,offset:0,sort:createdAt','2023-10-23 11:12:28','2023-10-23 11:12:28'),('920c2777-089f-4e96-ae61-c7d515a23c67','\"{\\\"id\\\":\\\"6e00e2cc-aa40-415a-bd74-bf4be9e1f07e\\\",\\\"name\\\":\\\"iPhone 12 Plus 512GB - Chính hãng VNA\\\",\\\"image\\\":\\\"https://res.cloudinary.com/dkkh1gtoj/image/upload/v1698043636/viettaiit-ecommerce/products/hc626ehjmuq92hghtdav.jpg\\\",\\\"slug\\\":\\\"iphone-12-plus-512gb-chinh-hang-vna\\\",\\\"description\\\":\\\"Được hỗ trợ 1 đổi 1 trong 30 ngày nếu có lỗi từ nhà sản xuất\\\",\\\"discount\\\":2,\\\"price\\\":12000000,\\\"categoryId\\\":\\\"f47ac10b-58cc-4372-a567-0e02b2c3d479\\\",\\\"providerId\\\":\\\"8f24916a-cf31-4b04-a2e3-95d4d8abaa12\\\",\\\"productItems\\\":[{\\\"id\\\":\\\"9c81677f-c778-42e6-b4c4-a9fa1d3c4d2a\\\",\\\"qtyInStock\\\":32,\\\"isSpecial\\\":false,\\\"image\\\":\\\"https://res.cloudinary.com/dkkh1gtoj/image/upload/v1698043636/viettaiit-ecommerce/products/hc626ehjmuq92hghtdav.jpg\\\",\\\"colorId\\\":\\\"aafe6a22-2a6f-4929-a61c-f8dfe4109ca8\\\",\\\"productId\\\":\\\"6e00e2cc-aa40-415a-bd74-bf4be9e1f07e\\\",\\\"color\\\":{\\\"id\\\":\\\"aafe6a22-2a6f-4929-a61c-f8dfe4109ca8\\\",\\\"value\\\":\\\"black\\\"}}],\\\"category\\\":{\\\"id\\\":\\\"f47ac10b-58cc-4372-a567-0e02b2c3d479\\\",\\\"categoryName\\\":\\\"IPhone\\\",\\\"image\\\":\\\"https://res.cloudinary.com/dkkh1gtoj/image/upload/v1697898562/viettaiit-ecommerce/categories/uxxh2grpyoqognxietg1.png\\\"},\\\"provider\\\":{\\\"id\\\":\\\"8f24916a-cf31-4b04-a2e3-95d4d8abaa12\\\",\\\"providerName\\\":\\\"Apple\\\"}}\"','product-detail-name:iphone-12-plus-512gb-chinh-hang-vna','2023-11-12 20:22:06','2023-11-12 20:22:06'),('97ff10b1-3dd9-435a-90cd-28f351845976','\"{\\\"page\\\":1,\\\"total\\\":4,\\\"totalPages\\\":1,\\\"data\\\":[{\\\"id\\\":\\\"ba70e636-2a66-402e-bec6-d50e50763976\\\",\\\"name\\\":\\\"iPad 10.2 512GB 5G - Chính hãng VN\\\",\\\"image\\\":\\\"https://res.cloudinary.com/dkkh1gtoj/image/upload/v1698046173/viettaiit-ecommerce/products/n16swgulttlew5dzdyvj.jpg\\\",\\\"slug\\\":\\\"ipad-102-512gb-5g-chinh-hang-vn\\\",\\\"description\\\":\\\"Được hỗ trợ 1 đổi 1 trong 30 ngày nếu có lỗi từ nhà sản xuất\\\",\\\"discount\\\":0,\\\"price\\\":1900000,\\\"createdAt\\\":\\\"2023-10-23T07:31:05.000Z\\\",\\\"updatedAt\\\":\\\"2023-10-23T07:31:05.000Z\\\",\\\"categoryId\\\":\\\"5102c8b2-1dd5-481a-96e7-d61250f2ea05\\\",\\\"providerId\\\":\\\"8f24916a-cf31-4b04-a2e3-95d4d8abaa12\\\",\\\"provider\\\":{\\\"id\\\":\\\"8f24916a-cf31-4b04-a2e3-95d4d8abaa12\\\",\\\"providerName\\\":\\\"Apple\\\"},\\\"category\\\":{\\\"id\\\":\\\"5102c8b2-1dd5-481a-96e7-d61250f2ea05\\\",\\\"categoryName\\\":\\\"IPad\\\",\\\"image\\\":\\\"https://res.cloudinary.com/dkkh1gtoj/image/upload/v1698037897/viettaiit-ecommerce/categories/ipad_ff4r3b.webp\\\"}},{\\\"id\\\":\\\"7fef891d-05d2-43b1-8af6-e7e28519fbf3\\\",\\\"name\\\":\\\"iPad Air 5 512GB 5G - Chính hãng VN\\\",\\\"image\\\":\\\"https://res.cloudinary.com/dkkh1gtoj/image/upload/v1698046050/viettaiit-ecommerce/products/d9kugj1434xegi2bml7t.jpg\\\",\\\"slug\\\":\\\"ipad-air-5-512gb-5g-chinh-hang-vn\\\",\\\"description\\\":\\\"Được hỗ trợ 1 đổi 1 trong 30 ngày nếu có lỗi từ nhà sản xuất\\\",\\\"discount\\\":0,\\\"price\\\":12000000,\\\"createdAt\\\":\\\"2023-10-23T07:29:02.000Z\\\",\\\"updatedAt\\\":\\\"2023-10-23T07:29:02.000Z\\\",\\\"categoryId\\\":\\\"5102c8b2-1dd5-481a-96e7-d61250f2ea05\\\",\\\"providerId\\\":\\\"8f24916a-cf31-4b04-a2e3-95d4d8abaa12\\\",\\\"provider\\\":{\\\"id\\\":\\\"8f24916a-cf31-4b04-a2e3-95d4d8abaa12\\\",\\\"providerName\\\":\\\"Apple\\\"},\\\"category\\\":{\\\"id\\\":\\\"5102c8b2-1dd5-481a-96e7-d61250f2ea05\\\",\\\"categoryName\\\":\\\"IPad\\\",\\\"image\\\":\\\"https://res.cloudinary.com/dkkh1gtoj/image/upload/v1698037897/viettaiit-ecommerce/categories/ipad_ff4r3b.webp\\\"}},{\\\"id\\\":\\\"0ec874f2-532a-43f5-9272-040c3dff6301\\\",\\\"name\\\":\\\"iPad Mini 5 512GB 5G - Chính hãng VN\\\",\\\"image\\\":\\\"https://res.cloudinary.com/dkkh1gtoj/image/upload/v1698046131/viettaiit-ecommerce/products/tstba5ux0xinmnc7oasj.jpg\\\",\\\"slug\\\":\\\"ipad-mini-5-512gb-5g-chinh-hang-vn\\\",\\\"description\\\":\\\"Được hỗ trợ 1 đổi 1 trong 30 ngày nếu có lỗi từ nhà sản xuất\\\",\\\"discount\\\":12,\\\"price\\\":12000000,\\\"createdAt\\\":\\\"2023-10-23T07:30:23.000Z\\\",\\\"updatedAt\\\":\\\"2023-10-23T07:30:23.000Z\\\",\\\"categoryId\\\":\\\"5102c8b2-1dd5-481a-96e7-d61250f2ea05\\\",\\\"providerId\\\":\\\"8f24916a-cf31-4b04-a2e3-95d4d8abaa12\\\",\\\"provider\\\":{\\\"id\\\":\\\"8f24916a-cf31-4b04-a2e3-95d4d8abaa12\\\",\\\"providerName\\\":\\\"Apple\\\"},\\\"category\\\":{\\\"id\\\":\\\"5102c8b2-1dd5-481a-96e7-d61250f2ea05\\\",\\\"categoryName\\\":\\\"IPad\\\",\\\"image\\\":\\\"https://res.cloudinary.com/dkkh1gtoj/image/upload/v1698037897/viettaiit-ecommerce/categories/ipad_ff4r3b.webp\\\"}},{\\\"id\\\":\\\"f66456a5-064e-46f7-bc99-e5c0b83388de\\\",\\\"name\\\":\\\"iPad Pro 5 512GB 5G - Chính hãng VN\\\",\\\"image\\\":\\\"https://res.cloudinary.com/dkkh1gtoj/image/upload/v1698046090/viettaiit-ecommerce/products/skfqfh6bnv4tj6ik7pzr.jpg\\\",\\\"slug\\\":\\\"ipad-pro-5-512gb-5g-chinh-hang-vn\\\",\\\"description\\\":\\\"Được hỗ trợ 1 đổi 1 trong 30 ngày nếu có lỗi từ nhà sản xuất\\\",\\\"discount\\\":0,\\\"price\\\":15000000,\\\"createdAt\\\":\\\"2023-10-23T07:29:42.000Z\\\",\\\"updatedAt\\\":\\\"2023-10-23T07:29:42.000Z\\\",\\\"categoryId\\\":\\\"5102c8b2-1dd5-481a-96e7-d61250f2ea05\\\",\\\"providerId\\\":\\\"8f24916a-cf31-4b04-a2e3-95d4d8abaa12\\\",\\\"provider\\\":{\\\"id\\\":\\\"8f24916a-cf31-4b04-a2e3-95d4d8abaa12\\\",\\\"providerName\\\":\\\"Apple\\\"},\\\"category\\\":{\\\"id\\\":\\\"5102c8b2-1dd5-481a-96e7-d61250f2ea05\\\",\\\"categoryName\\\":\\\"IPad\\\",\\\"image\\\":\\\"https://res.cloudinary.com/dkkh1gtoj/image/upload/v1698037897/viettaiit-ecommerce/categories/ipad_ff4r3b.webp\\\"}}]}\"','categoryId:5102c8b2-1dd5-481a-96e7-d61250f2ea05,page:1,limit:8,offset:0,sort:name','2023-10-23 11:12:41','2023-10-23 11:12:41'),('a9ae918f-af83-4d93-b45e-5e4f701918fe','\"{\\\"page\\\":1,\\\"total\\\":30,\\\"totalPages\\\":4,\\\"data\\\":[{\\\"id\\\":\\\"b929817a-b2dd-4ef8-8be7-e35c47a893f7\\\",\\\"name\\\":\\\"Apple Watch S3 2022 LTE 44mm - Chính hãng VN/A\\\",\\\"image\\\":\\\"https://res.cloudinary.com/dkkh1gtoj/image/upload/v1698044306/viettaiit-ecommerce/products/s5knbkcrdvpfi0stiqdy.jpg\\\",\\\"slug\\\":\\\"apple-watch-s3-2022-lte-44mm-chinh-hang-vna\\\",\\\"description\\\":\\\"Được hỗ trợ 1 đổi 1 trong 30 ngày nếu có lỗi từ nhà sản xuất\\\",\\\"discount\\\":2,\\\"price\\\":10000000,\\\"createdAt\\\":\\\"2023-10-23T06:59:58.000Z\\\",\\\"updatedAt\\\":\\\"2023-10-23T06:59:58.000Z\\\",\\\"categoryId\\\":\\\"052c5089-4a6c-4d0a-b439-ef4e957df1b8\\\",\\\"providerId\\\":\\\"8f24916a-cf31-4b04-a2e3-95d4d8abaa12\\\",\\\"provider\\\":{\\\"id\\\":\\\"8f24916a-cf31-4b04-a2e3-95d4d8abaa12\\\",\\\"providerName\\\":\\\"Apple\\\"},\\\"category\\\":{\\\"id\\\":\\\"052c5089-4a6c-4d0a-b439-ef4e957df1b8\\\",\\\"categoryName\\\":\\\"Watch\\\",\\\"image\\\":\\\"https://res.cloudinary.com/dkkh1gtoj/image/upload/v1697898562/viettaiit-ecommerce/categories/xuabv3c3cowy0gbxguv0.png\\\"}},{\\\"id\\\":\\\"d2682d25-17c2-4d9c-ae47-2cab05d3fee5\\\",\\\"name\\\":\\\"Apple Watch S6 2022 LTE 44mm - Chính hãng VN/A\\\",\\\"image\\\":\\\"https://res.cloudinary.com/dkkh1gtoj/image/upload/v1698044339/viettaiit-ecommerce/products/txzlnuyxvah0zdapnkbj.jpg\\\",\\\"slug\\\":\\\"apple-watch-s6-2022-lte-44mm-chinh-hang-vna\\\",\\\"description\\\":\\\"Được hỗ trợ 1 đổi 1 trong 30 ngày nếu có lỗi từ nhà sản xuất\\\",\\\"discount\\\":12,\\\"price\\\":32490000,\\\"createdAt\\\":\\\"2023-10-23T07:00:31.000Z\\\",\\\"updatedAt\\\":\\\"2023-10-23T07:00:31.000Z\\\",\\\"categoryId\\\":\\\"052c5089-4a6c-4d0a-b439-ef4e957df1b8\\\",\\\"providerId\\\":\\\"8f24916a-cf31-4b04-a2e3-95d4d8abaa12\\\",\\\"provider\\\":{\\\"id\\\":\\\"8f24916a-cf31-4b04-a2e3-95d4d8abaa12\\\",\\\"providerName\\\":\\\"Apple\\\"},\\\"category\\\":{\\\"id\\\":\\\"052c5089-4a6c-4d0a-b439-ef4e957df1b8\\\",\\\"categoryName\\\":\\\"Watch\\\",\\\"image\\\":\\\"https://res.cloudinary.com/dkkh1gtoj/image/upload/v1697898562/viettaiit-ecommerce/categories/xuabv3c3cowy0gbxguv0.png\\\"}},{\\\"id\\\":\\\"359b3c98-b1ad-4baa-b490-50f868a94e7b\\\",\\\"name\\\":\\\"Apple Watch S7 2022 LTE 44mm - Chính hãng VN/A\\\",\\\"image\\\":\\\"https://res.cloudinary.com/dkkh1gtoj/image/upload/v1698044362/viettaiit-ecommerce/products/gnr1ldapd9l6ufy6gdh6.jpg\\\",\\\"slug\\\":\\\"apple-watch-s7-2022-lte-44mm-chinh-hang-vna\\\",\\\"description\\\":\\\"Được hỗ trợ 1 đổi 1 trong 30 ngày nếu có lỗi từ nhà sản xuất\\\",\\\"discount\\\":0,\\\"price\\\":16000000,\\\"createdAt\\\":\\\"2023-10-23T07:00:54.000Z\\\",\\\"updatedAt\\\":\\\"2023-10-23T07:00:54.000Z\\\",\\\"categoryId\\\":\\\"052c5089-4a6c-4d0a-b439-ef4e957df1b8\\\",\\\"providerId\\\":\\\"8f24916a-cf31-4b04-a2e3-95d4d8abaa12\\\",\\\"provider\\\":{\\\"id\\\":\\\"8f24916a-cf31-4b04-a2e3-95d4d8abaa12\\\",\\\"providerName\\\":\\\"Apple\\\"},\\\"category\\\":{\\\"id\\\":\\\"052c5089-4a6c-4d0a-b439-ef4e957df1b8\\\",\\\"categoryName\\\":\\\"Watch\\\",\\\"image\\\":\\\"https://res.cloudinary.com/dkkh1gtoj/image/upload/v1697898562/viettaiit-ecommerce/categories/xuabv3c3cowy0gbxguv0.png\\\"}},{\\\"id\\\":\\\"93394df3-30c1-4b97-abc0-8ad69cf9909d\\\",\\\"name\\\":\\\"Apple Watch S8 2022 LTE 44mm - Chính hãng VN/A\\\",\\\"image\\\":\\\"https://res.cloudinary.com/dkkh1gtoj/image/upload/v1698044275/viettaiit-ecommerce/products/g3ffpnjs1jl6aqrztq09.jpg\\\",\\\"slug\\\":\\\"apple-watch-s8-2022-lte-44mm-chinh-hang-vna\\\",\\\"description\\\":\\\"Được hỗ trợ 1 đổi 1 trong 30 ngày nếu có lỗi từ nhà sản xuất\\\",\\\"discount\\\":0,\\\"price\\\":15000000,\\\"createdAt\\\":\\\"2023-10-23T06:59:27.000Z\\\",\\\"updatedAt\\\":\\\"2023-10-23T06:59:27.000Z\\\",\\\"categoryId\\\":\\\"052c5089-4a6c-4d0a-b439-ef4e957df1b8\\\",\\\"providerId\\\":\\\"8f24916a-cf31-4b04-a2e3-95d4d8abaa12\\\",\\\"provider\\\":{\\\"id\\\":\\\"8f24916a-cf31-4b04-a2e3-95d4d8abaa12\\\",\\\"providerName\\\":\\\"Apple\\\"},\\\"category\\\":{\\\"id\\\":\\\"052c5089-4a6c-4d0a-b439-ef4e957df1b8\\\",\\\"categoryName\\\":\\\"Watch\\\",\\\"image\\\":\\\"https://res.cloudinary.com/dkkh1gtoj/image/upload/v1697898562/viettaiit-ecommerce/categories/xuabv3c3cowy0gbxguv0.png\\\"}},{\\\"id\\\":\\\"c78609fe-09fe-4c4f-8be6-7ba89c309dc4\\\",\\\"name\\\":\\\"Apple Watch SE 2022 LTE 44mm - Chính hãng VN/A\\\",\\\"image\\\":\\\"https://res.cloudinary.com/dkkh1gtoj/image/upload/v1698044214/viettaiit-ecommerce/products/ct8us8eplfhzdg20ueme.jpg\\\",\\\"slug\\\":\\\"apple-watch-se-2022-lte-44mm-chinh-hang-vna\\\",\\\"description\\\":\\\"Được hỗ trợ 1 đổi 1 trong 30 ngày nếu có lỗi từ nhà sản xuất\\\",\\\"discount\\\":12,\\\"price\\\":12000000,\\\"createdAt\\\":\\\"2023-10-23T06:58:26.000Z\\\",\\\"updatedAt\\\":\\\"2023-10-23T06:58:26.000Z\\\",\\\"categoryId\\\":\\\"052c5089-4a6c-4d0a-b439-ef4e957df1b8\\\",\\\"providerId\\\":\\\"8f24916a-cf31-4b04-a2e3-95d4d8abaa12\\\",\\\"provider\\\":{\\\"id\\\":\\\"8f24916a-cf31-4b04-a2e3-95d4d8abaa12\\\",\\\"providerName\\\":\\\"Apple\\\"},\\\"category\\\":{\\\"id\\\":\\\"052c5089-4a6c-4d0a-b439-ef4e957df1b8\\\",\\\"categoryName\\\":\\\"Watch\\\",\\\"image\\\":\\\"https://res.cloudinary.com/dkkh1gtoj/image/upload/v1697898562/viettaiit-ecommerce/categories/xuabv3c3cowy0gbxguv0.png\\\"}},{\\\"id\\\":\\\"716bb738-3faa-4779-8065-67f200850004\\\",\\\"name\\\":\\\"Apple Watch Ultra 2022 LTE 44mm - Chính hãng VN/A\\\",\\\"image\\\":\\\"https://res.cloudinary.com/dkkh1gtoj/image/upload/v1698044394/viettaiit-ecommerce/products/hkunzihimmxyvs60xpyx.jpg\\\",\\\"slug\\\":\\\"apple-watch-ultra-2022-lte-44mm-chinh-hang-vna\\\",\\\"description\\\":\\\"Được hỗ trợ 1 đổi 1 trong 30 ngày nếu có lỗi từ nhà sản xuất\\\",\\\"discount\\\":12,\\\"price\\\":14000000,\\\"createdAt\\\":\\\"2023-10-23T07:01:27.000Z\\\",\\\"updatedAt\\\":\\\"2023-10-23T07:01:27.000Z\\\",\\\"categoryId\\\":\\\"052c5089-4a6c-4d0a-b439-ef4e957df1b8\\\",\\\"providerId\\\":\\\"8f24916a-cf31-4b04-a2e3-95d4d8abaa12\\\",\\\"provider\\\":{\\\"id\\\":\\\"8f24916a-cf31-4b04-a2e3-95d4d8abaa12\\\",\\\"providerName\\\":\\\"Apple\\\"},\\\"category\\\":{\\\"id\\\":\\\"052c5089-4a6c-4d0a-b439-ef4e957df1b8\\\",\\\"categoryName\\\":\\\"Watch\\\",\\\"image\\\":\\\"https://res.cloudinary.com/dkkh1gtoj/image/upload/v1697898562/viettaiit-ecommerce/categories/xuabv3c3cowy0gbxguv0.png\\\"}},{\\\"id\\\":\\\"73e5047a-3725-4316-9e82-f5c7d9a57e4d\\\",\\\"name\\\":\\\"Bộ Cốc + Cáp sạc Baseus 25W Type-C\\\",\\\"image\\\":\\\"https://res.cloudinary.com/dkkh1gtoj/image/upload/v1698044676/viettaiit-ecommerce/products/mgkibvv3m9jfdbeflvbp.jpg\\\",\\\"slug\\\":\\\"bo-coc-cap-sac-baseus-25w-type-c\\\",\\\"description\\\":\\\"Được hỗ trợ 1 đổi 1 trong 7 ngày nếu có lỗi từ nhà sản xuất\\\",\\\"discount\\\":0,\\\"price\\\":350000,\\\"createdAt\\\":\\\"2023-10-23T07:06:08.000Z\\\",\\\"updatedAt\\\":\\\"2023-10-23T07:06:08.000Z\\\",\\\"categoryId\\\":\\\"3f9d74d0-14c9-44d7-80b7-cd2d41104970\\\",\\\"providerId\\\":\\\"8f24916a-cf31-4b04-a2e3-95d4d8abaa12\\\",\\\"provider\\\":{\\\"id\\\":\\\"8f24916a-cf31-4b04-a2e3-95d4d8abaa12\\\",\\\"providerName\\\":\\\"Apple\\\"},\\\"category\\\":{\\\"id\\\":\\\"3f9d74d0-14c9-44d7-80b7-cd2d41104970\\\",\\\"categoryName\\\":\\\"Phụ kiện\\\",\\\"image\\\":\\\"https://res.cloudinary.com/dkkh1gtoj/image/upload/v1697898562/viettaiit-ecommerce/categories/cpsrvtubjnycg8ek0dd0.png\\\"}},{\\\"id\\\":\\\"ba70e636-2a66-402e-bec6-d50e50763976\\\",\\\"name\\\":\\\"iPad 10.2 512GB 5G - Chính hãng VN\\\",\\\"image\\\":\\\"https://res.cloudinary.com/dkkh1gtoj/image/upload/v1698046173/viettaiit-ecommerce/products/n16swgulttlew5dzdyvj.jpg\\\",\\\"slug\\\":\\\"ipad-102-512gb-5g-chinh-hang-vn\\\",\\\"description\\\":\\\"Được hỗ trợ 1 đổi 1 trong 30 ngày nếu có lỗi từ nhà sản xuất\\\",\\\"discount\\\":0,\\\"price\\\":1900000,\\\"createdAt\\\":\\\"2023-10-23T07:31:05.000Z\\\",\\\"updatedAt\\\":\\\"2023-10-23T07:31:05.000Z\\\",\\\"categoryId\\\":\\\"5102c8b2-1dd5-481a-96e7-d61250f2ea05\\\",\\\"providerId\\\":\\\"8f24916a-cf31-4b04-a2e3-95d4d8abaa12\\\",\\\"provider\\\":{\\\"id\\\":\\\"8f24916a-cf31-4b04-a2e3-95d4d8abaa12\\\",\\\"providerName\\\":\\\"Apple\\\"},\\\"category\\\":{\\\"id\\\":\\\"5102c8b2-1dd5-481a-96e7-d61250f2ea05\\\",\\\"categoryName\\\":\\\"IPad\\\",\\\"image\\\":\\\"https://res.cloudinary.com/dkkh1gtoj/image/upload/v1698037897/viettaiit-ecommerce/categories/ipad_ff4r3b.webp\\\"}}]}\"','page:1,limit:8,offset:0,sort:name','2023-10-23 11:12:36','2023-10-23 11:12:36'),('ac1f2452-7cd4-4669-a920-598aca01ebb5','\"{\\\"page\\\":1,\\\"total\\\":3,\\\"totalPages\\\":1,\\\"data\\\":[{\\\"id\\\":\\\"73e5047a-3725-4316-9e82-f5c7d9a57e4d\\\",\\\"name\\\":\\\"Bộ Cốc + Cáp sạc Baseus 25W Type-C\\\",\\\"image\\\":\\\"https://res.cloudinary.com/dkkh1gtoj/image/upload/v1698044676/viettaiit-ecommerce/products/mgkibvv3m9jfdbeflvbp.jpg\\\",\\\"slug\\\":\\\"bo-coc-cap-sac-baseus-25w-type-c\\\",\\\"description\\\":\\\"Được hỗ trợ 1 đổi 1 trong 7 ngày nếu có lỗi từ nhà sản xuất\\\",\\\"discount\\\":0,\\\"price\\\":350000,\\\"createdAt\\\":\\\"2023-10-23T07:06:08.000Z\\\",\\\"updatedAt\\\":\\\"2023-10-23T07:06:08.000Z\\\",\\\"categoryId\\\":\\\"3f9d74d0-14c9-44d7-80b7-cd2d41104970\\\",\\\"providerId\\\":\\\"8f24916a-cf31-4b04-a2e3-95d4d8abaa12\\\",\\\"provider\\\":{\\\"id\\\":\\\"8f24916a-cf31-4b04-a2e3-95d4d8abaa12\\\",\\\"providerName\\\":\\\"Apple\\\"},\\\"category\\\":{\\\"id\\\":\\\"3f9d74d0-14c9-44d7-80b7-cd2d41104970\\\",\\\"categoryName\\\":\\\"Phụ kiện\\\",\\\"image\\\":\\\"https://res.cloudinary.com/dkkh1gtoj/image/upload/v1697898562/viettaiit-ecommerce/categories/cpsrvtubjnycg8ek0dd0.png\\\"}},{\\\"id\\\":\\\"a6f45381-90af-49ce-811d-17a4909d388e\\\",\\\"name\\\":\\\"Magic Mouse Multi-Touch 2022 màu Đen - MMMQ3ZA\\\",\\\"image\\\":\\\"https://res.cloudinary.com/dkkh1gtoj/image/upload/v1698044716/viettaiit-ecommerce/products/qssx5doleropdkgd0sbr.jpg\\\",\\\"slug\\\":\\\"magic-mouse-multi-touch-2022-mau-den-mmmq3za\\\",\\\"description\\\":\\\"Được hỗ trợ 1 đổi 1 trong 7 ngày nếu có lỗi từ nhà sản xuất\\\",\\\"discount\\\":0,\\\"price\\\":250000,\\\"createdAt\\\":\\\"2023-10-23T07:06:47.000Z\\\",\\\"updatedAt\\\":\\\"2023-10-23T07:06:47.000Z\\\",\\\"categoryId\\\":\\\"3f9d74d0-14c9-44d7-80b7-cd2d41104970\\\",\\\"providerId\\\":\\\"8f24916a-cf31-4b04-a2e3-95d4d8abaa12\\\",\\\"provider\\\":{\\\"id\\\":\\\"8f24916a-cf31-4b04-a2e3-95d4d8abaa12\\\",\\\"providerName\\\":\\\"Apple\\\"},\\\"category\\\":{\\\"id\\\":\\\"3f9d74d0-14c9-44d7-80b7-cd2d41104970\\\",\\\"categoryName\\\":\\\"Phụ kiện\\\",\\\"image\\\":\\\"https://res.cloudinary.com/dkkh1gtoj/image/upload/v1697898562/viettaiit-ecommerce/categories/cpsrvtubjnycg8ek0dd0.png\\\"}},{\\\"id\\\":\\\"8bf8a508-fe23-416f-88cb-b9e61f8cce86\\\",\\\"name\\\":\\\"Ốp lưng MagSafe iPhone 14 Apple Silicone Chính Hãng\\\",\\\"image\\\":\\\"https://res.cloudinary.com/dkkh1gtoj/image/upload/v1698044844/viettaiit-ecommerce/products/jkqgmrbwoyxlnqccxdy1.jpg\\\",\\\"slug\\\":\\\"op-lung-magsafe-iphone-14-apple-silicone-chinh-hang\\\",\\\"description\\\":\\\"Được hỗ trợ 1 đổi 1 trong 7 ngày nếu có lỗi từ nhà sản xuất\\\",\\\"discount\\\":0,\\\"price\\\":120000,\\\"createdAt\\\":\\\"2023-10-23T07:08:56.000Z\\\",\\\"updatedAt\\\":\\\"2023-10-23T07:08:56.000Z\\\",\\\"categoryId\\\":\\\"3f9d74d0-14c9-44d7-80b7-cd2d41104970\\\",\\\"providerId\\\":\\\"8f24916a-cf31-4b04-a2e3-95d4d8abaa12\\\",\\\"provider\\\":{\\\"id\\\":\\\"8f24916a-cf31-4b04-a2e3-95d4d8abaa12\\\",\\\"providerName\\\":\\\"Apple\\\"},\\\"category\\\":{\\\"id\\\":\\\"3f9d74d0-14c9-44d7-80b7-cd2d41104970\\\",\\\"categoryName\\\":\\\"Phụ kiện\\\",\\\"image\\\":\\\"https://res.cloudinary.com/dkkh1gtoj/image/upload/v1697898562/viettaiit-ecommerce/categories/cpsrvtubjnycg8ek0dd0.png\\\"}}]}\"','categoryId:3f9d74d0-14c9-44d7-80b7-cd2d41104970,page:1,limit:8,offset:0,sort:name','2023-10-23 11:12:40','2023-10-23 11:12:40'),('b85f43d2-70c2-4ce3-823e-dc07e7c4f1f6','\"{\\\"page\\\":1,\\\"total\\\":4,\\\"totalPages\\\":1,\\\"data\\\":[{\\\"id\\\":\\\"ba70e636-2a66-402e-bec6-d50e50763976\\\",\\\"name\\\":\\\"iPad 10.2 512GB 5G - Chính hãng VN\\\",\\\"image\\\":\\\"https://res.cloudinary.com/dkkh1gtoj/image/upload/v1698046173/viettaiit-ecommerce/products/n16swgulttlew5dzdyvj.jpg\\\",\\\"slug\\\":\\\"ipad-102-512gb-5g-chinh-hang-vn\\\",\\\"description\\\":\\\"Được hỗ trợ 1 đổi 1 trong 30 ngày nếu có lỗi từ nhà sản xuất\\\",\\\"discount\\\":0,\\\"price\\\":1900000,\\\"createdAt\\\":\\\"2023-10-23T07:31:05.000Z\\\",\\\"updatedAt\\\":\\\"2023-10-23T07:31:05.000Z\\\",\\\"categoryId\\\":\\\"5102c8b2-1dd5-481a-96e7-d61250f2ea05\\\",\\\"providerId\\\":\\\"8f24916a-cf31-4b04-a2e3-95d4d8abaa12\\\",\\\"provider\\\":{\\\"id\\\":\\\"8f24916a-cf31-4b04-a2e3-95d4d8abaa12\\\",\\\"providerName\\\":\\\"Apple\\\"},\\\"category\\\":{\\\"id\\\":\\\"5102c8b2-1dd5-481a-96e7-d61250f2ea05\\\",\\\"categoryName\\\":\\\"IPad\\\",\\\"image\\\":\\\"https://res.cloudinary.com/dkkh1gtoj/image/upload/v1698037897/viettaiit-ecommerce/categories/ipad_ff4r3b.webp\\\"}},{\\\"id\\\":\\\"0ec874f2-532a-43f5-9272-040c3dff6301\\\",\\\"name\\\":\\\"iPad Mini 5 512GB 5G - Chính hãng VN\\\",\\\"image\\\":\\\"https://res.cloudinary.com/dkkh1gtoj/image/upload/v1698046131/viettaiit-ecommerce/products/tstba5ux0xinmnc7oasj.jpg\\\",\\\"slug\\\":\\\"ipad-mini-5-512gb-5g-chinh-hang-vn\\\",\\\"description\\\":\\\"Được hỗ trợ 1 đổi 1 trong 30 ngày nếu có lỗi từ nhà sản xuất\\\",\\\"discount\\\":12,\\\"price\\\":12000000,\\\"createdAt\\\":\\\"2023-10-23T07:30:23.000Z\\\",\\\"updatedAt\\\":\\\"2023-10-23T07:30:23.000Z\\\",\\\"categoryId\\\":\\\"5102c8b2-1dd5-481a-96e7-d61250f2ea05\\\",\\\"providerId\\\":\\\"8f24916a-cf31-4b04-a2e3-95d4d8abaa12\\\",\\\"provider\\\":{\\\"id\\\":\\\"8f24916a-cf31-4b04-a2e3-95d4d8abaa12\\\",\\\"providerName\\\":\\\"Apple\\\"},\\\"category\\\":{\\\"id\\\":\\\"5102c8b2-1dd5-481a-96e7-d61250f2ea05\\\",\\\"categoryName\\\":\\\"IPad\\\",\\\"image\\\":\\\"https://res.cloudinary.com/dkkh1gtoj/image/upload/v1698037897/viettaiit-ecommerce/categories/ipad_ff4r3b.webp\\\"}},{\\\"id\\\":\\\"f66456a5-064e-46f7-bc99-e5c0b83388de\\\",\\\"name\\\":\\\"iPad Pro 5 512GB 5G - Chính hãng VN\\\",\\\"image\\\":\\\"https://res.cloudinary.com/dkkh1gtoj/image/upload/v1698046090/viettaiit-ecommerce/products/skfqfh6bnv4tj6ik7pzr.jpg\\\",\\\"slug\\\":\\\"ipad-pro-5-512gb-5g-chinh-hang-vn\\\",\\\"description\\\":\\\"Được hỗ trợ 1 đổi 1 trong 30 ngày nếu có lỗi từ nhà sản xuất\\\",\\\"discount\\\":0,\\\"price\\\":15000000,\\\"createdAt\\\":\\\"2023-10-23T07:29:42.000Z\\\",\\\"updatedAt\\\":\\\"2023-10-23T07:29:42.000Z\\\",\\\"categoryId\\\":\\\"5102c8b2-1dd5-481a-96e7-d61250f2ea05\\\",\\\"providerId\\\":\\\"8f24916a-cf31-4b04-a2e3-95d4d8abaa12\\\",\\\"provider\\\":{\\\"id\\\":\\\"8f24916a-cf31-4b04-a2e3-95d4d8abaa12\\\",\\\"providerName\\\":\\\"Apple\\\"},\\\"category\\\":{\\\"id\\\":\\\"5102c8b2-1dd5-481a-96e7-d61250f2ea05\\\",\\\"categoryName\\\":\\\"IPad\\\",\\\"image\\\":\\\"https://res.cloudinary.com/dkkh1gtoj/image/upload/v1698037897/viettaiit-ecommerce/categories/ipad_ff4r3b.webp\\\"}},{\\\"id\\\":\\\"7fef891d-05d2-43b1-8af6-e7e28519fbf3\\\",\\\"name\\\":\\\"iPad Air 5 512GB 5G - Chính hãng VN\\\",\\\"image\\\":\\\"https://res.cloudinary.com/dkkh1gtoj/image/upload/v1698046050/viettaiit-ecommerce/products/d9kugj1434xegi2bml7t.jpg\\\",\\\"slug\\\":\\\"ipad-air-5-512gb-5g-chinh-hang-vn\\\",\\\"description\\\":\\\"Được hỗ trợ 1 đổi 1 trong 30 ngày nếu có lỗi từ nhà sản xuất\\\",\\\"discount\\\":0,\\\"price\\\":12000000,\\\"createdAt\\\":\\\"2023-10-23T07:29:02.000Z\\\",\\\"updatedAt\\\":\\\"2023-10-23T07:29:02.000Z\\\",\\\"categoryId\\\":\\\"5102c8b2-1dd5-481a-96e7-d61250f2ea05\\\",\\\"providerId\\\":\\\"8f24916a-cf31-4b04-a2e3-95d4d8abaa12\\\",\\\"provider\\\":{\\\"id\\\":\\\"8f24916a-cf31-4b04-a2e3-95d4d8abaa12\\\",\\\"providerName\\\":\\\"Apple\\\"},\\\"category\\\":{\\\"id\\\":\\\"5102c8b2-1dd5-481a-96e7-d61250f2ea05\\\",\\\"categoryName\\\":\\\"IPad\\\",\\\"image\\\":\\\"https://res.cloudinary.com/dkkh1gtoj/image/upload/v1698037897/viettaiit-ecommerce/categories/ipad_ff4r3b.webp\\\"}}]}\"','name:Ipad,page:1,limit:8,offset:0','2023-10-23 11:12:18','2023-10-23 11:12:18'),('c0074549-32fc-4c83-a072-94d1443e42aa','\"{\\\"page\\\":1,\\\"total\\\":6,\\\"totalPages\\\":1,\\\"data\\\":[{\\\"id\\\":\\\"bf4b9825-39ac-4e72-a45d-f143464ca1bd\\\",\\\"name\\\":\\\"Mac Air M1 13inch 2022 8CPU 10GPU 256GB RAM 8GB Chính hãng VN\\\",\\\"image\\\":\\\"https://res.cloudinary.com/dkkh1gtoj/image/upload/v1698043985/viettaiit-ecommerce/products/fa8ctg2zlimnzxpgfrgx.jpg\\\",\\\"slug\\\":\\\"macbook-air-m1-13inch-2022-8cpu-10gpu-256gb-ram-8gb-chinh-hang-vn\\\",\\\"description\\\":\\\"Được hỗ trợ 1 đổi 1 trong 7 ngày nếu có lỗi từ nhà sản xuất\\\",\\\"discount\\\":10,\\\"price\\\":30490000,\\\"createdAt\\\":\\\"2023-10-23T06:54:37.000Z\\\",\\\"updatedAt\\\":\\\"2023-10-23T06:54:37.000Z\\\",\\\"categoryId\\\":\\\"4dfe0b0c-eece-477e-aa19-2c15b51d1faa\\\",\\\"providerId\\\":\\\"8f24916a-cf31-4b04-a2e3-95d4d8abaa12\\\",\\\"provider\\\":{\\\"id\\\":\\\"8f24916a-cf31-4b04-a2e3-95d4d8abaa12\\\",\\\"providerName\\\":\\\"Apple\\\"},\\\"category\\\":{\\\"id\\\":\\\"4dfe0b0c-eece-477e-aa19-2c15b51d1faa\\\",\\\"categoryName\\\":\\\"Mac\\\",\\\"image\\\":\\\"https://res.cloudinary.com/dkkh1gtoj/image/upload/v1697898562/viettaiit-ecommerce/categories/yuh4hmscqk75nqod6dkr.png\\\"}},{\\\"id\\\":\\\"40d53b02-37ec-406c-9500-21f8f2a2b0c4\\\",\\\"name\\\":\\\"Macbook Air 13 inch M1 LATE 2020 256GB - New seal Hàng Chính Hãng VN - (MGN63 - MGN93 - MGND3)\\\",\\\"image\\\":\\\"https://res.cloudinary.com/dkkh1gtoj/image/upload/v1698043720/viettaiit-ecommerce/products/y5oupgta3kyjkm7iihzb.jpg\\\",\\\"slug\\\":\\\"macbook-air-13-inch-m1-late-2020-256gb-new-seal-hang-chinh-hang-vn-mgn63-mgn93-mgnd3\\\",\\\"description\\\":\\\"Được hỗ trợ 1 đổi 1 trong 7 ngày nếu có lỗi từ nhà sản xuất\\\",\\\"discount\\\":12,\\\"price\\\":32490000,\\\"createdAt\\\":\\\"2023-10-23T06:50:12.000Z\\\",\\\"updatedAt\\\":\\\"2023-10-23T06:50:12.000Z\\\",\\\"categoryId\\\":\\\"4dfe0b0c-eece-477e-aa19-2c15b51d1faa\\\",\\\"providerId\\\":\\\"8f24916a-cf31-4b04-a2e3-95d4d8abaa12\\\",\\\"provider\\\":{\\\"id\\\":\\\"8f24916a-cf31-4b04-a2e3-95d4d8abaa12\\\",\\\"providerName\\\":\\\"Apple\\\"},\\\"category\\\":{\\\"id\\\":\\\"4dfe0b0c-eece-477e-aa19-2c15b51d1faa\\\",\\\"categoryName\\\":\\\"Mac\\\",\\\"image\\\":\\\"https://res.cloudinary.com/dkkh1gtoj/image/upload/v1697898562/viettaiit-ecommerce/categories/yuh4hmscqk75nqod6dkr.png\\\"}},{\\\"id\\\":\\\"bb40b3d0-f8ef-4eb7-88b0-3339979a405a\\\",\\\"name\\\":\\\"Macbook Air M2 13 inch 2022 8CPU 8GPU 256GB RAM 16GB Chính hãng VN\\\",\\\"image\\\":\\\"https://res.cloudinary.com/dkkh1gtoj/image/upload/v1698045767/viettaiit-ecommerce/products/5_qnr84q.webp\\\",\\\"slug\\\":\\\"macbook-air-m2-13-inch-2022-8cpu-8gpu-256gb-ram-16gb-chinh-hang-vn\\\",\\\"description\\\":\\\"Được hỗ trợ 1 đổi 1 trong 7 ngày nếu có lỗi từ nhà sản xuất\\\",\\\"discount\\\":12,\\\"price\\\":23000000,\\\"createdAt\\\":\\\"2023-10-23T06:52:46.000Z\\\",\\\"updatedAt\\\":\\\"2023-10-23T06:52:46.000Z\\\",\\\"categoryId\\\":\\\"4dfe0b0c-eece-477e-aa19-2c15b51d1faa\\\",\\\"providerId\\\":\\\"8f24916a-cf31-4b04-a2e3-95d4d8abaa12\\\",\\\"provider\\\":{\\\"id\\\":\\\"8f24916a-cf31-4b04-a2e3-95d4d8abaa12\\\",\\\"providerName\\\":\\\"Apple\\\"},\\\"category\\\":{\\\"id\\\":\\\"4dfe0b0c-eece-477e-aa19-2c15b51d1faa\\\",\\\"categoryName\\\":\\\"Mac\\\",\\\"image\\\":\\\"https://res.cloudinary.com/dkkh1gtoj/image/upload/v1697898562/viettaiit-ecommerce/categories/yuh4hmscqk75nqod6dkr.png\\\"}},{\\\"id\\\":\\\"73902510-5761-4d27-8847-ef0c81bc9e94\\\",\\\"name\\\":\\\"Macbook Air M2 13inch 2022 8CPU 10GPU 256GB RAM 8GB Chính hãng VN\\\",\\\"image\\\":\\\"https://res.cloudinary.com/dkkh1gtoj/image/upload/v1698045767/viettaiit-ecommerce/products/5_qnr84q.webp\\\",\\\"slug\\\":\\\"macbook-air-m2-13inch-2022-8cpu-10gpu-256gb-ram-8gb-chinh-hang-vn\\\",\\\"description\\\":\\\"Được hỗ trợ 1 đổi 1 trong 7 ngày nếu có lỗi từ nhà sản xuất\\\",\\\"discount\\\":0,\\\"price\\\":12000000,\\\"createdAt\\\":\\\"2023-10-23T06:55:12.000Z\\\",\\\"updatedAt\\\":\\\"2023-10-23T06:55:12.000Z\\\",\\\"categoryId\\\":\\\"4dfe0b0c-eece-477e-aa19-2c15b51d1faa\\\",\\\"providerId\\\":\\\"8f24916a-cf31-4b04-a2e3-95d4d8abaa12\\\",\\\"provider\\\":{\\\"id\\\":\\\"8f24916a-cf31-4b04-a2e3-95d4d8abaa12\\\",\\\"providerName\\\":\\\"Apple\\\"},\\\"category\\\":{\\\"id\\\":\\\"4dfe0b0c-eece-477e-aa19-2c15b51d1faa\\\",\\\"categoryName\\\":\\\"Mac\\\",\\\"image\\\":\\\"https://res.cloudinary.com/dkkh1gtoj/image/upload/v1697898562/viettaiit-ecommerce/categories/yuh4hmscqk75nqod6dkr.png\\\"}},{\\\"id\\\":\\\"1d68e97a-5d7e-4dc4-b06e-bb3cda07a25e\\\",\\\"name\\\":\\\"Macbook Pro 13 inch M1 LATE 2020 256GB - New seal Hàng Chính Hãng VN - (MGN63 - MGN93 - MGND3)\\\",\\\"image\\\":\\\"https://res.cloudinary.com/dkkh1gtoj/image/upload/v1698045767/viettaiit-ecommerce/products/5_qnr84q.webp\\\",\\\"slug\\\":\\\"macbook-pro-13-inch-m1-late-2020-256gb-new-seal-hang-chinh-hang-vn-mgn63-mgn93-mgnd3\\\",\\\"description\\\":\\\"Được hỗ trợ 1 đổi 1 trong 7 ngày nếu có lỗi từ nhà sản xuất\\\",\\\"discount\\\":12,\\\"price\\\":23000000,\\\"createdAt\\\":\\\"2023-10-23T06:50:55.000Z\\\",\\\"updatedAt\\\":\\\"2023-10-23T06:50:55.000Z\\\",\\\"categoryId\\\":\\\"4dfe0b0c-eece-477e-aa19-2c15b51d1faa\\\",\\\"providerId\\\":\\\"8f24916a-cf31-4b04-a2e3-95d4d8abaa12\\\",\\\"provider\\\":{\\\"id\\\":\\\"8f24916a-cf31-4b04-a2e3-95d4d8abaa12\\\",\\\"providerName\\\":\\\"Apple\\\"},\\\"category\\\":{\\\"id\\\":\\\"4dfe0b0c-eece-477e-aa19-2c15b51d1faa\\\",\\\"categoryName\\\":\\\"Mac\\\",\\\"image\\\":\\\"https://res.cloudinary.com/dkkh1gtoj/image/upload/v1697898562/viettaiit-ecommerce/categories/yuh4hmscqk75nqod6dkr.png\\\"}},{\\\"id\\\":\\\"78b09bbe-4dee-408d-99b0-bba85b8c8ac5\\\",\\\"name\\\":\\\"Macbook Pro M2 13 inch 2022 8CPU 8GPU 256GB RAM 16GB Chính hãng VN\\\",\\\"image\\\":\\\"https://res.cloudinary.com/dkkh1gtoj/image/upload/v1698043928/viettaiit-ecommerce/products/tzvrukm08l4tnpd7u7l2.jpg\\\",\\\"slug\\\":\\\"macbook-pro-m2-13-inch-2022-8cpu-8gpu-256gb-ram-16gb-chinh-hang-vn\\\",\\\"description\\\":\\\"Được hỗ trợ 1 đổi 1 trong 7 ngày nếu có lỗi từ nhà sản xuất\\\",\\\"discount\\\":1,\\\"price\\\":24000000,\\\"createdAt\\\":\\\"2023-10-23T06:53:40.000Z\\\",\\\"updatedAt\\\":\\\"2023-10-23T06:53:40.000Z\\\",\\\"categoryId\\\":\\\"4dfe0b0c-eece-477e-aa19-2c15b51d1faa\\\",\\\"providerId\\\":\\\"8f24916a-cf31-4b04-a2e3-95d4d8abaa12\\\",\\\"provider\\\":{\\\"id\\\":\\\"8f24916a-cf31-4b04-a2e3-95d4d8abaa12\\\",\\\"providerName\\\":\\\"Apple\\\"},\\\"category\\\":{\\\"id\\\":\\\"4dfe0b0c-eece-477e-aa19-2c15b51d1faa\\\",\\\"categoryName\\\":\\\"Mac\\\",\\\"image\\\":\\\"https://res.cloudinary.com/dkkh1gtoj/image/upload/v1697898562/viettaiit-ecommerce/categories/yuh4hmscqk75nqod6dkr.png\\\"}}]}\"','categoryId:4dfe0b0c-eece-477e-aa19-2c15b51d1faa,page:1,limit:8,offset:0,sort:name','2023-10-23 11:12:40','2023-10-23 11:12:40'),('c4d75c14-5a1f-466d-8e72-faa2cdaa3c13','\"{\\\"page\\\":1,\\\"total\\\":11,\\\"totalPages\\\":2,\\\"data\\\":[{\\\"id\\\":\\\"8bf8a508-fe23-416f-88cb-b9e61f8cce86\\\",\\\"name\\\":\\\"Ốp lưng MagSafe iPhone 14 Apple Silicone Chính Hãng\\\",\\\"image\\\":\\\"https://res.cloudinary.com/dkkh1gtoj/image/upload/v1698044844/viettaiit-ecommerce/products/jkqgmrbwoyxlnqccxdy1.jpg\\\",\\\"slug\\\":\\\"op-lung-magsafe-iphone-14-apple-silicone-chinh-hang\\\",\\\"description\\\":\\\"Được hỗ trợ 1 đổi 1 trong 7 ngày nếu có lỗi từ nhà sản xuất\\\",\\\"discount\\\":0,\\\"price\\\":120000,\\\"createdAt\\\":\\\"2023-10-23T07:08:56.000Z\\\",\\\"updatedAt\\\":\\\"2023-10-23T07:08:56.000Z\\\",\\\"categoryId\\\":\\\"3f9d74d0-14c9-44d7-80b7-cd2d41104970\\\",\\\"providerId\\\":\\\"8f24916a-cf31-4b04-a2e3-95d4d8abaa12\\\",\\\"provider\\\":{\\\"id\\\":\\\"8f24916a-cf31-4b04-a2e3-95d4d8abaa12\\\",\\\"providerName\\\":\\\"Apple\\\"},\\\"category\\\":{\\\"id\\\":\\\"3f9d74d0-14c9-44d7-80b7-cd2d41104970\\\",\\\"categoryName\\\":\\\"Phụ kiện\\\",\\\"image\\\":\\\"https://res.cloudinary.com/dkkh1gtoj/image/upload/v1697898562/viettaiit-ecommerce/categories/cpsrvtubjnycg8ek0dd0.png\\\"}},{\\\"id\\\":\\\"6e00e2cc-aa40-415a-bd74-bf4be9e1f07e\\\",\\\"name\\\":\\\"iPhone 12 Plus 512GB - Chính hãng VNA\\\",\\\"image\\\":\\\"https://res.cloudinary.com/dkkh1gtoj/image/upload/v1698043636/viettaiit-ecommerce/products/hc626ehjmuq92hghtdav.jpg\\\",\\\"slug\\\":\\\"iphone-12-plus-512gb-chinh-hang-vna\\\",\\\"description\\\":\\\"Được hỗ trợ 1 đổi 1 trong 30 ngày nếu có lỗi từ nhà sản xuất\\\",\\\"discount\\\":2,\\\"price\\\":12000000,\\\"createdAt\\\":\\\"2023-10-23T06:48:48.000Z\\\",\\\"updatedAt\\\":\\\"2023-10-23T06:48:48.000Z\\\",\\\"categoryId\\\":\\\"f47ac10b-58cc-4372-a567-0e02b2c3d479\\\",\\\"providerId\\\":\\\"8f24916a-cf31-4b04-a2e3-95d4d8abaa12\\\",\\\"provider\\\":{\\\"id\\\":\\\"8f24916a-cf31-4b04-a2e3-95d4d8abaa12\\\",\\\"providerName\\\":\\\"Apple\\\"},\\\"category\\\":{\\\"id\\\":\\\"f47ac10b-58cc-4372-a567-0e02b2c3d479\\\",\\\"categoryName\\\":\\\"IPhone\\\",\\\"image\\\":\\\"https://res.cloudinary.com/dkkh1gtoj/image/upload/v1697898562/viettaiit-ecommerce/categories/uxxh2grpyoqognxietg1.png\\\"}},{\\\"id\\\":\\\"86d0c145-a9ad-447a-aa9e-13a0510a4a89\\\",\\\"name\\\":\\\"iPhone 13 Pro Max 512GB - Chính hãng VNA\\\",\\\"image\\\":\\\"https://res.cloudinary.com/dkkh1gtoj/image/upload/v1698043600/viettaiit-ecommerce/products/v6ihbnt0dzlkt1fla4bl.jpg\\\",\\\"slug\\\":\\\"iphone-13-pro-max-512gb-chinh-hang-vna\\\",\\\"description\\\":\\\"Được hỗ trợ 1 đổi 1 trong 30 ngày nếu có lỗi từ nhà sản xuất\\\",\\\"discount\\\":0,\\\"price\\\":20000000,\\\"createdAt\\\":\\\"2023-10-23T06:48:12.000Z\\\",\\\"updatedAt\\\":\\\"2023-10-23T06:48:12.000Z\\\",\\\"categoryId\\\":\\\"f47ac10b-58cc-4372-a567-0e02b2c3d479\\\",\\\"providerId\\\":\\\"8f24916a-cf31-4b04-a2e3-95d4d8abaa12\\\",\\\"provider\\\":{\\\"id\\\":\\\"8f24916a-cf31-4b04-a2e3-95d4d8abaa12\\\",\\\"providerName\\\":\\\"Apple\\\"},\\\"category\\\":{\\\"id\\\":\\\"f47ac10b-58cc-4372-a567-0e02b2c3d479\\\",\\\"categoryName\\\":\\\"IPhone\\\",\\\"image\\\":\\\"https://res.cloudinary.com/dkkh1gtoj/image/upload/v1697898562/viettaiit-ecommerce/categories/uxxh2grpyoqognxietg1.png\\\"}},{\\\"id\\\":\\\"9fc01723-ee54-4cfc-94a3-88710d33c639\\\",\\\"name\\\":\\\"iPhone 14 Pro Max 512GB - Chính hãng VNA\\\",\\\"image\\\":\\\"https://res.cloudinary.com/dkkh1gtoj/image/upload/v1698043566/viettaiit-ecommerce/products/sp29gwmtf5nnecb97ltg.jpg\\\",\\\"slug\\\":\\\"iphone-14-pro-max-512gb-chinh-hang-vna\\\",\\\"description\\\":\\\"Được hỗ trợ 1 đổi 1 trong 30 ngày nếu có lỗi từ nhà sản xuất\\\",\\\"discount\\\":12,\\\"price\\\":12000000,\\\"createdAt\\\":\\\"2023-10-23T06:47:38.000Z\\\",\\\"updatedAt\\\":\\\"2023-10-23T06:47:38.000Z\\\",\\\"categoryId\\\":\\\"f47ac10b-58cc-4372-a567-0e02b2c3d479\\\",\\\"providerId\\\":\\\"8f24916a-cf31-4b04-a2e3-95d4d8abaa12\\\",\\\"provider\\\":{\\\"id\\\":\\\"8f24916a-cf31-4b04-a2e3-95d4d8abaa12\\\",\\\"providerName\\\":\\\"Apple\\\"},\\\"category\\\":{\\\"id\\\":\\\"f47ac10b-58cc-4372-a567-0e02b2c3d479\\\",\\\"categoryName\\\":\\\"IPhone\\\",\\\"image\\\":\\\"https://res.cloudinary.com/dkkh1gtoj/image/upload/v1697898562/viettaiit-ecommerce/categories/uxxh2grpyoqognxietg1.png\\\"}},{\\\"id\\\":\\\"ff4b52f7-f238-437a-a7eb-8afb902352e4\\\",\\\"name\\\":\\\"iPhone 14 Pro 512GB - Chính hãng VNA\\\",\\\"image\\\":\\\"https://res.cloudinary.com/dkkh1gtoj/image/upload/v1698043531/viettaiit-ecommerce/products/x0t5klsijtgwez3y8yne.jpg\\\",\\\"slug\\\":\\\"iphone-14-pro-512gb-chinh-hang-vna\\\",\\\"description\\\":\\\"Được hỗ trợ 1 đổi 1 trong 30 ngày nếu có lỗi từ nhà sản xuất\\\",\\\"discount\\\":10,\\\"price\\\":32490000,\\\"createdAt\\\":\\\"2023-10-23T06:47:03.000Z\\\",\\\"updatedAt\\\":\\\"2023-10-23T06:47:03.000Z\\\",\\\"categoryId\\\":\\\"f47ac10b-58cc-4372-a567-0e02b2c3d479\\\",\\\"providerId\\\":\\\"8f24916a-cf31-4b04-a2e3-95d4d8abaa12\\\",\\\"provider\\\":{\\\"id\\\":\\\"8f24916a-cf31-4b04-a2e3-95d4d8abaa12\\\",\\\"providerName\\\":\\\"Apple\\\"},\\\"category\\\":{\\\"id\\\":\\\"f47ac10b-58cc-4372-a567-0e02b2c3d479\\\",\\\"categoryName\\\":\\\"IPhone\\\",\\\"image\\\":\\\"https://res.cloudinary.com/dkkh1gtoj/image/upload/v1697898562/viettaiit-ecommerce/categories/uxxh2grpyoqognxietg1.png\\\"}},{\\\"id\\\":\\\"6ff07fad-34c7-4c82-b173-f84044f6f595\\\",\\\"name\\\":\\\"iPhone 14 Plus 512GB - Chính hãng VNA\\\",\\\"image\\\":\\\"https://res.cloudinary.com/dkkh1gtoj/image/upload/v1698043488/viettaiit-ecommerce/products/iqvyxcmcekg8shbgsbid.jpg\\\",\\\"slug\\\":\\\"iphone-14-plus-512gb-chinh-hang-vna\\\",\\\"description\\\":\\\"Được hỗ trợ 1 đổi 1 trong 30 ngày nếu có lỗi từ nhà sản xuất\\\",\\\"discount\\\":12,\\\"price\\\":32490000,\\\"createdAt\\\":\\\"2023-10-23T06:46:20.000Z\\\",\\\"updatedAt\\\":\\\"2023-10-23T06:46:20.000Z\\\",\\\"categoryId\\\":\\\"f47ac10b-58cc-4372-a567-0e02b2c3d479\\\",\\\"providerId\\\":\\\"8f24916a-cf31-4b04-a2e3-95d4d8abaa12\\\",\\\"provider\\\":{\\\"id\\\":\\\"8f24916a-cf31-4b04-a2e3-95d4d8abaa12\\\",\\\"providerName\\\":\\\"Apple\\\"},\\\"category\\\":{\\\"id\\\":\\\"f47ac10b-58cc-4372-a567-0e02b2c3d479\\\",\\\"categoryName\\\":\\\"IPhone\\\",\\\"image\\\":\\\"https://res.cloudinary.com/dkkh1gtoj/image/upload/v1697898562/viettaiit-ecommerce/categories/uxxh2grpyoqognxietg1.png\\\"}},{\\\"id\\\":\\\"9e460cdb-2d33-4995-8f6a-43d37d81c6d0\\\",\\\"name\\\":\\\"iPhone 11 512GB - Chính hãng VNA\\\",\\\"image\\\":\\\"https://res.cloudinary.com/dkkh1gtoj/image/upload/v1698043439/viettaiit-ecommerce/products/kprugme4flc8vguj4ek2.jpg\\\",\\\"slug\\\":\\\"iphone-11-512gb-chinh-hang-vna\\\",\\\"description\\\":\\\"Được hỗ trợ 1 đổi 1 trong 30 ngày nếu có lỗi từ nhà sản xuất\\\",\\\"discount\\\":1,\\\"price\\\":10000000,\\\"createdAt\\\":\\\"2023-10-23T06:45:31.000Z\\\",\\\"updatedAt\\\":\\\"2023-10-23T06:45:31.000Z\\\",\\\"categoryId\\\":\\\"f47ac10b-58cc-4372-a567-0e02b2c3d479\\\",\\\"providerId\\\":\\\"8f24916a-cf31-4b04-a2e3-95d4d8abaa12\\\",\\\"provider\\\":{\\\"id\\\":\\\"8f24916a-cf31-4b04-a2e3-95d4d8abaa12\\\",\\\"providerName\\\":\\\"Apple\\\"},\\\"category\\\":{\\\"id\\\":\\\"f47ac10b-58cc-4372-a567-0e02b2c3d479\\\",\\\"categoryName\\\":\\\"IPhone\\\",\\\"image\\\":\\\"https://res.cloudinary.com/dkkh1gtoj/image/upload/v1697898562/viettaiit-ecommerce/categories/uxxh2grpyoqognxietg1.png\\\"}},{\\\"id\\\":\\\"d4b7fc10-da2e-4f5f-ab9d-55f4b097baaf\\\",\\\"name\\\":\\\"iPhone 12 512GB - Chính hãng VNA\\\",\\\"image\\\":\\\"https://res.cloudinary.com/dkkh1gtoj/image/upload/v1698043397/viettaiit-ecommerce/products/d88shtrkemgundpn0giy.jpg\\\",\\\"slug\\\":\\\"iphone-12-512gb-chinh-hang-vna\\\",\\\"description\\\":\\\"Được hỗ trợ 1 đổi 1 trong 30 ngày nếu có lỗi từ nhà sản xuất\\\",\\\"discount\\\":1,\\\"price\\\":20000000,\\\"createdAt\\\":\\\"2023-10-23T06:44:49.000Z\\\",\\\"updatedAt\\\":\\\"2023-10-23T06:44:49.000Z\\\",\\\"categoryId\\\":\\\"f47ac10b-58cc-4372-a567-0e02b2c3d479\\\",\\\"providerId\\\":\\\"8f24916a-cf31-4b04-a2e3-95d4d8abaa12\\\",\\\"provider\\\":{\\\"id\\\":\\\"8f24916a-cf31-4b04-a2e3-95d4d8abaa12\\\",\\\"providerName\\\":\\\"Apple\\\"},\\\"category\\\":{\\\"id\\\":\\\"f47ac10b-58cc-4372-a567-0e02b2c3d479\\\",\\\"categoryName\\\":\\\"IPhone\\\",\\\"image\\\":\\\"https://res.cloudinary.com/dkkh1gtoj/image/upload/v1697898562/viettaiit-ecommerce/categories/uxxh2grpyoqognxietg1.png\\\"}}]}\"','name:IPhone,page:1,limit:8,offset:0','2023-10-23 11:12:18','2023-10-23 11:12:18'),('c724d7d0-e000-436d-af9b-75dd86b9432b','\"{\\\"page\\\":1,\\\"total\\\":1,\\\"totalPages\\\":1,\\\"data\\\":[{\\\"id\\\":\\\"7e111ad1-78d6-4ab6-9bb6-fe28dabd65d6\\\",\\\"name\\\":\\\"Tai nghe Apple Earpods Lightning Chính Hãng MMTN2ZA\\\",\\\"image\\\":\\\"https://res.cloudinary.com/dkkh1gtoj/image/upload/v1698044576/viettaiit-ecommerce/products/qihl2sxqkxp6bnuf2fiz.jpg\\\",\\\"slug\\\":\\\"tai-nghe-apple-earpods-lightning-chinh-hang-mmtn2za\\\",\\\"description\\\":\\\"Được hỗ trợ 1 đổi 1 trong 7 ngày nếu có lỗi từ nhà sản xuất\\\",\\\"discount\\\":0,\\\"price\\\":890000,\\\"createdAt\\\":\\\"2023-10-23T07:04:27.000Z\\\",\\\"updatedAt\\\":\\\"2023-10-23T07:04:27.000Z\\\",\\\"categoryId\\\":\\\"b39ea7b2-cc38-4dd4-89f4-6c738903b3e0\\\",\\\"providerId\\\":\\\"8f24916a-cf31-4b04-a2e3-95d4d8abaa12\\\",\\\"provider\\\":{\\\"id\\\":\\\"8f24916a-cf31-4b04-a2e3-95d4d8abaa12\\\",\\\"providerName\\\":\\\"Apple\\\"},\\\"category\\\":{\\\"id\\\":\\\"b39ea7b2-cc38-4dd4-89f4-6c738903b3e0\\\",\\\"categoryName\\\":\\\"Âm thanh\\\",\\\"image\\\":\\\"https://res.cloudinary.com/dkkh1gtoj/image/upload/v1697898562/viettaiit-ecommerce/categories/jqh2ucdo1lga8qxn0b7a.png\\\"}}]}\"','categoryId:b39ea7b2-cc38-4dd4-89f4-6c738903b3e0,page:1,limit:8,offset:0,sort:name','2023-10-23 11:12:41','2023-10-23 11:12:41'),('d3173490-3a27-4f83-b7f5-ee724b4bfd6d','\"{\\\"page\\\":1,\\\"total\\\":30,\\\"totalPages\\\":4,\\\"data\\\":[{\\\"id\\\":\\\"ba70e636-2a66-402e-bec6-d50e50763976\\\",\\\"name\\\":\\\"iPad 10.2 512GB 5G - Chính hãng VN\\\",\\\"image\\\":\\\"https://res.cloudinary.com/dkkh1gtoj/image/upload/v1698046173/viettaiit-ecommerce/products/n16swgulttlew5dzdyvj.jpg\\\",\\\"slug\\\":\\\"ipad-102-512gb-5g-chinh-hang-vn\\\",\\\"description\\\":\\\"Được hỗ trợ 1 đổi 1 trong 30 ngày nếu có lỗi từ nhà sản xuất\\\",\\\"discount\\\":0,\\\"price\\\":1900000,\\\"createdAt\\\":\\\"2023-10-23T00:31:05.000Z\\\",\\\"updatedAt\\\":\\\"2023-10-23T00:31:05.000Z\\\",\\\"categoryId\\\":\\\"5102c8b2-1dd5-481a-96e7-d61250f2ea05\\\",\\\"providerId\\\":\\\"8f24916a-cf31-4b04-a2e3-95d4d8abaa12\\\",\\\"provider\\\":{\\\"id\\\":\\\"8f24916a-cf31-4b04-a2e3-95d4d8abaa12\\\",\\\"providerName\\\":\\\"Apple\\\"},\\\"category\\\":{\\\"id\\\":\\\"5102c8b2-1dd5-481a-96e7-d61250f2ea05\\\",\\\"categoryName\\\":\\\"IPad\\\",\\\"image\\\":\\\"https://res.cloudinary.com/dkkh1gtoj/image/upload/v1698037897/viettaiit-ecommerce/categories/ipad_ff4r3b.webp\\\"}},{\\\"id\\\":\\\"0ec874f2-532a-43f5-9272-040c3dff6301\\\",\\\"name\\\":\\\"iPad Mini 5 512GB 5G - Chính hãng VN\\\",\\\"image\\\":\\\"https://res.cloudinary.com/dkkh1gtoj/image/upload/v1698046131/viettaiit-ecommerce/products/tstba5ux0xinmnc7oasj.jpg\\\",\\\"slug\\\":\\\"ipad-mini-5-512gb-5g-chinh-hang-vn\\\",\\\"description\\\":\\\"Được hỗ trợ 1 đổi 1 trong 30 ngày nếu có lỗi từ nhà sản xuất\\\",\\\"discount\\\":12,\\\"price\\\":12000000,\\\"createdAt\\\":\\\"2023-10-23T00:30:23.000Z\\\",\\\"updatedAt\\\":\\\"2023-10-23T00:30:23.000Z\\\",\\\"categoryId\\\":\\\"5102c8b2-1dd5-481a-96e7-d61250f2ea05\\\",\\\"providerId\\\":\\\"8f24916a-cf31-4b04-a2e3-95d4d8abaa12\\\",\\\"provider\\\":{\\\"id\\\":\\\"8f24916a-cf31-4b04-a2e3-95d4d8abaa12\\\",\\\"providerName\\\":\\\"Apple\\\"},\\\"category\\\":{\\\"id\\\":\\\"5102c8b2-1dd5-481a-96e7-d61250f2ea05\\\",\\\"categoryName\\\":\\\"IPad\\\",\\\"image\\\":\\\"https://res.cloudinary.com/dkkh1gtoj/image/upload/v1698037897/viettaiit-ecommerce/categories/ipad_ff4r3b.webp\\\"}},{\\\"id\\\":\\\"f66456a5-064e-46f7-bc99-e5c0b83388de\\\",\\\"name\\\":\\\"iPad Pro 5 512GB 5G - Chính hãng VN\\\",\\\"image\\\":\\\"https://res.cloudinary.com/dkkh1gtoj/image/upload/v1698046090/viettaiit-ecommerce/products/skfqfh6bnv4tj6ik7pzr.jpg\\\",\\\"slug\\\":\\\"ipad-pro-5-512gb-5g-chinh-hang-vn\\\",\\\"description\\\":\\\"Được hỗ trợ 1 đổi 1 trong 30 ngày nếu có lỗi từ nhà sản xuất\\\",\\\"discount\\\":0,\\\"price\\\":15000000,\\\"createdAt\\\":\\\"2023-10-23T00:29:42.000Z\\\",\\\"updatedAt\\\":\\\"2023-10-23T00:29:42.000Z\\\",\\\"categoryId\\\":\\\"5102c8b2-1dd5-481a-96e7-d61250f2ea05\\\",\\\"providerId\\\":\\\"8f24916a-cf31-4b04-a2e3-95d4d8abaa12\\\",\\\"provider\\\":{\\\"id\\\":\\\"8f24916a-cf31-4b04-a2e3-95d4d8abaa12\\\",\\\"providerName\\\":\\\"Apple\\\"},\\\"category\\\":{\\\"id\\\":\\\"5102c8b2-1dd5-481a-96e7-d61250f2ea05\\\",\\\"categoryName\\\":\\\"IPad\\\",\\\"image\\\":\\\"https://res.cloudinary.com/dkkh1gtoj/image/upload/v1698037897/viettaiit-ecommerce/categories/ipad_ff4r3b.webp\\\"}},{\\\"id\\\":\\\"7fef891d-05d2-43b1-8af6-e7e28519fbf3\\\",\\\"name\\\":\\\"iPad Air 5 512GB 5G - Chính hãng VN\\\",\\\"image\\\":\\\"https://res.cloudinary.com/dkkh1gtoj/image/upload/v1698046050/viettaiit-ecommerce/products/d9kugj1434xegi2bml7t.jpg\\\",\\\"slug\\\":\\\"ipad-air-5-512gb-5g-chinh-hang-vn\\\",\\\"description\\\":\\\"Được hỗ trợ 1 đổi 1 trong 30 ngày nếu có lỗi từ nhà sản xuất\\\",\\\"discount\\\":0,\\\"price\\\":12000000,\\\"createdAt\\\":\\\"2023-10-23T00:29:02.000Z\\\",\\\"updatedAt\\\":\\\"2023-10-23T00:29:02.000Z\\\",\\\"categoryId\\\":\\\"5102c8b2-1dd5-481a-96e7-d61250f2ea05\\\",\\\"providerId\\\":\\\"8f24916a-cf31-4b04-a2e3-95d4d8abaa12\\\",\\\"provider\\\":{\\\"id\\\":\\\"8f24916a-cf31-4b04-a2e3-95d4d8abaa12\\\",\\\"providerName\\\":\\\"Apple\\\"},\\\"category\\\":{\\\"id\\\":\\\"5102c8b2-1dd5-481a-96e7-d61250f2ea05\\\",\\\"categoryName\\\":\\\"IPad\\\",\\\"image\\\":\\\"https://res.cloudinary.com/dkkh1gtoj/image/upload/v1698037897/viettaiit-ecommerce/categories/ipad_ff4r3b.webp\\\"}},{\\\"id\\\":\\\"8bf8a508-fe23-416f-88cb-b9e61f8cce86\\\",\\\"name\\\":\\\"Ốp lưng MagSafe iPhone 14 Apple Silicone Chính Hãng\\\",\\\"image\\\":\\\"https://res.cloudinary.com/dkkh1gtoj/image/upload/v1698044844/viettaiit-ecommerce/products/jkqgmrbwoyxlnqccxdy1.jpg\\\",\\\"slug\\\":\\\"op-lung-magsafe-iphone-14-apple-silicone-chinh-hang\\\",\\\"description\\\":\\\"Được hỗ trợ 1 đổi 1 trong 7 ngày nếu có lỗi từ nhà sản xuất\\\",\\\"discount\\\":0,\\\"price\\\":120000,\\\"createdAt\\\":\\\"2023-10-23T00:08:56.000Z\\\",\\\"updatedAt\\\":\\\"2023-10-23T00:08:56.000Z\\\",\\\"categoryId\\\":\\\"3f9d74d0-14c9-44d7-80b7-cd2d41104970\\\",\\\"providerId\\\":\\\"8f24916a-cf31-4b04-a2e3-95d4d8abaa12\\\",\\\"provider\\\":{\\\"id\\\":\\\"8f24916a-cf31-4b04-a2e3-95d4d8abaa12\\\",\\\"providerName\\\":\\\"Apple\\\"},\\\"category\\\":{\\\"id\\\":\\\"3f9d74d0-14c9-44d7-80b7-cd2d41104970\\\",\\\"categoryName\\\":\\\"Phụ kiện\\\",\\\"image\\\":\\\"https://res.cloudinary.com/dkkh1gtoj/image/upload/v1697898562/viettaiit-ecommerce/categories/cpsrvtubjnycg8ek0dd0.png\\\"}},{\\\"id\\\":\\\"a6f45381-90af-49ce-811d-17a4909d388e\\\",\\\"name\\\":\\\"Magic Mouse Multi-Touch 2022 màu Đen - MMMQ3ZA\\\",\\\"image\\\":\\\"https://res.cloudinary.com/dkkh1gtoj/image/upload/v1698044716/viettaiit-ecommerce/products/qssx5doleropdkgd0sbr.jpg\\\",\\\"slug\\\":\\\"magic-mouse-multi-touch-2022-mau-den-mmmq3za\\\",\\\"description\\\":\\\"Được hỗ trợ 1 đổi 1 trong 7 ngày nếu có lỗi từ nhà sản xuất\\\",\\\"discount\\\":0,\\\"price\\\":250000,\\\"createdAt\\\":\\\"2023-10-23T00:06:47.000Z\\\",\\\"updatedAt\\\":\\\"2023-10-23T00:06:47.000Z\\\",\\\"categoryId\\\":\\\"3f9d74d0-14c9-44d7-80b7-cd2d41104970\\\",\\\"providerId\\\":\\\"8f24916a-cf31-4b04-a2e3-95d4d8abaa12\\\",\\\"provider\\\":{\\\"id\\\":\\\"8f24916a-cf31-4b04-a2e3-95d4d8abaa12\\\",\\\"providerName\\\":\\\"Apple\\\"},\\\"category\\\":{\\\"id\\\":\\\"3f9d74d0-14c9-44d7-80b7-cd2d41104970\\\",\\\"categoryName\\\":\\\"Phụ kiện\\\",\\\"image\\\":\\\"https://res.cloudinary.com/dkkh1gtoj/image/upload/v1697898562/viettaiit-ecommerce/categories/cpsrvtubjnycg8ek0dd0.png\\\"}},{\\\"id\\\":\\\"73e5047a-3725-4316-9e82-f5c7d9a57e4d\\\",\\\"name\\\":\\\"Bộ Cốc + Cáp sạc Baseus 25W Type-C\\\",\\\"image\\\":\\\"https://res.cloudinary.com/dkkh1gtoj/image/upload/v1698044676/viettaiit-ecommerce/products/mgkibvv3m9jfdbeflvbp.jpg\\\",\\\"slug\\\":\\\"bo-coc-cap-sac-baseus-25w-type-c\\\",\\\"description\\\":\\\"Được hỗ trợ 1 đổi 1 trong 7 ngày nếu có lỗi từ nhà sản xuất\\\",\\\"discount\\\":0,\\\"price\\\":350000,\\\"createdAt\\\":\\\"2023-10-23T00:06:08.000Z\\\",\\\"updatedAt\\\":\\\"2023-10-23T00:06:08.000Z\\\",\\\"categoryId\\\":\\\"3f9d74d0-14c9-44d7-80b7-cd2d41104970\\\",\\\"providerId\\\":\\\"8f24916a-cf31-4b04-a2e3-95d4d8abaa12\\\",\\\"provider\\\":{\\\"id\\\":\\\"8f24916a-cf31-4b04-a2e3-95d4d8abaa12\\\",\\\"providerName\\\":\\\"Apple\\\"},\\\"category\\\":{\\\"id\\\":\\\"3f9d74d0-14c9-44d7-80b7-cd2d41104970\\\",\\\"categoryName\\\":\\\"Phụ kiện\\\",\\\"image\\\":\\\"https://res.cloudinary.com/dkkh1gtoj/image/upload/v1697898562/viettaiit-ecommerce/categories/cpsrvtubjnycg8ek0dd0.png\\\"}},{\\\"id\\\":\\\"7e111ad1-78d6-4ab6-9bb6-fe28dabd65d6\\\",\\\"name\\\":\\\"Tai nghe Apple Earpods Lightning Chính Hãng MMTN2ZA\\\",\\\"image\\\":\\\"https://res.cloudinary.com/dkkh1gtoj/image/upload/v1698044576/viettaiit-ecommerce/products/qihl2sxqkxp6bnuf2fiz.jpg\\\",\\\"slug\\\":\\\"tai-nghe-apple-earpods-lightning-chinh-hang-mmtn2za\\\",\\\"description\\\":\\\"Được hỗ trợ 1 đổi 1 trong 7 ngày nếu có lỗi từ nhà sản xuất\\\",\\\"discount\\\":0,\\\"price\\\":890000,\\\"createdAt\\\":\\\"2023-10-23T00:04:27.000Z\\\",\\\"updatedAt\\\":\\\"2023-10-23T00:04:27.000Z\\\",\\\"categoryId\\\":\\\"b39ea7b2-cc38-4dd4-89f4-6c738903b3e0\\\",\\\"providerId\\\":\\\"8f24916a-cf31-4b04-a2e3-95d4d8abaa12\\\",\\\"provider\\\":{\\\"id\\\":\\\"8f24916a-cf31-4b04-a2e3-95d4d8abaa12\\\",\\\"providerName\\\":\\\"Apple\\\"},\\\"category\\\":{\\\"id\\\":\\\"b39ea7b2-cc38-4dd4-89f4-6c738903b3e0\\\",\\\"categoryName\\\":\\\"Âm thanh\\\",\\\"image\\\":\\\"https://res.cloudinary.com/dkkh1gtoj/image/upload/v1697898562/viettaiit-ecommerce/categories/jqh2ucdo1lga8qxn0b7a.png\\\"}}]}\"','page:1,limit:8,offset:0','2023-11-12 18:21:14','2023-11-12 18:21:14'),('d622c271-5368-4b11-b13f-4ecedcabb3d8','\"{\\\"page\\\":1,\\\"total\\\":6,\\\"totalPages\\\":1,\\\"data\\\":[{\\\"id\\\":\\\"40d53b02-37ec-406c-9500-21f8f2a2b0c4\\\",\\\"name\\\":\\\"Macbook Air 13 inch M1 LATE 2020 256GB - New seal Hàng Chính Hãng VN - (MGN63 - MGN93 - MGND3)\\\",\\\"image\\\":\\\"https://res.cloudinary.com/dkkh1gtoj/image/upload/v1698043720/viettaiit-ecommerce/products/y5oupgta3kyjkm7iihzb.jpg\\\",\\\"slug\\\":\\\"macbook-air-13-inch-m1-late-2020-256gb-new-seal-hang-chinh-hang-vn-mgn63-mgn93-mgnd3\\\",\\\"description\\\":\\\"Được hỗ trợ 1 đổi 1 trong 7 ngày nếu có lỗi từ nhà sản xuất\\\",\\\"discount\\\":12,\\\"price\\\":32490000,\\\"createdAt\\\":\\\"2023-10-23T06:50:12.000Z\\\",\\\"updatedAt\\\":\\\"2023-10-23T06:50:12.000Z\\\",\\\"categoryId\\\":\\\"4dfe0b0c-eece-477e-aa19-2c15b51d1faa\\\",\\\"providerId\\\":\\\"8f24916a-cf31-4b04-a2e3-95d4d8abaa12\\\",\\\"provider\\\":{\\\"id\\\":\\\"8f24916a-cf31-4b04-a2e3-95d4d8abaa12\\\",\\\"providerName\\\":\\\"Apple\\\"},\\\"category\\\":{\\\"id\\\":\\\"4dfe0b0c-eece-477e-aa19-2c15b51d1faa\\\",\\\"categoryName\\\":\\\"Mac\\\",\\\"image\\\":\\\"https://res.cloudinary.com/dkkh1gtoj/image/upload/v1697898562/viettaiit-ecommerce/categories/yuh4hmscqk75nqod6dkr.png\\\"}},{\\\"id\\\":\\\"1d68e97a-5d7e-4dc4-b06e-bb3cda07a25e\\\",\\\"name\\\":\\\"Macbook Pro 13 inch M1 LATE 2020 256GB - New seal Hàng Chính Hãng VN - (MGN63 - MGN93 - MGND3)\\\",\\\"image\\\":\\\"https://res.cloudinary.com/dkkh1gtoj/image/upload/v1698045767/viettaiit-ecommerce/products/5_qnr84q.webp\\\",\\\"slug\\\":\\\"macbook-pro-13-inch-m1-late-2020-256gb-new-seal-hang-chinh-hang-vn-mgn63-mgn93-mgnd3\\\",\\\"description\\\":\\\"Được hỗ trợ 1 đổi 1 trong 7 ngày nếu có lỗi từ nhà sản xuất\\\",\\\"discount\\\":12,\\\"price\\\":23000000,\\\"createdAt\\\":\\\"2023-10-23T06:50:55.000Z\\\",\\\"updatedAt\\\":\\\"2023-10-23T06:50:55.000Z\\\",\\\"categoryId\\\":\\\"4dfe0b0c-eece-477e-aa19-2c15b51d1faa\\\",\\\"providerId\\\":\\\"8f24916a-cf31-4b04-a2e3-95d4d8abaa12\\\",\\\"provider\\\":{\\\"id\\\":\\\"8f24916a-cf31-4b04-a2e3-95d4d8abaa12\\\",\\\"providerName\\\":\\\"Apple\\\"},\\\"category\\\":{\\\"id\\\":\\\"4dfe0b0c-eece-477e-aa19-2c15b51d1faa\\\",\\\"categoryName\\\":\\\"Mac\\\",\\\"image\\\":\\\"https://res.cloudinary.com/dkkh1gtoj/image/upload/v1697898562/viettaiit-ecommerce/categories/yuh4hmscqk75nqod6dkr.png\\\"}},{\\\"id\\\":\\\"bb40b3d0-f8ef-4eb7-88b0-3339979a405a\\\",\\\"name\\\":\\\"Macbook Air M2 13 inch 2022 8CPU 8GPU 256GB RAM 16GB Chính hãng VN\\\",\\\"image\\\":\\\"https://res.cloudinary.com/dkkh1gtoj/image/upload/v1698045767/viettaiit-ecommerce/products/5_qnr84q.webp\\\",\\\"slug\\\":\\\"macbook-air-m2-13-inch-2022-8cpu-8gpu-256gb-ram-16gb-chinh-hang-vn\\\",\\\"description\\\":\\\"Được hỗ trợ 1 đổi 1 trong 7 ngày nếu có lỗi từ nhà sản xuất\\\",\\\"discount\\\":12,\\\"price\\\":23000000,\\\"createdAt\\\":\\\"2023-10-23T06:52:46.000Z\\\",\\\"updatedAt\\\":\\\"2023-10-23T06:52:46.000Z\\\",\\\"categoryId\\\":\\\"4dfe0b0c-eece-477e-aa19-2c15b51d1faa\\\",\\\"providerId\\\":\\\"8f24916a-cf31-4b04-a2e3-95d4d8abaa12\\\",\\\"provider\\\":{\\\"id\\\":\\\"8f24916a-cf31-4b04-a2e3-95d4d8abaa12\\\",\\\"providerName\\\":\\\"Apple\\\"},\\\"category\\\":{\\\"id\\\":\\\"4dfe0b0c-eece-477e-aa19-2c15b51d1faa\\\",\\\"categoryName\\\":\\\"Mac\\\",\\\"image\\\":\\\"https://res.cloudinary.com/dkkh1gtoj/image/upload/v1697898562/viettaiit-ecommerce/categories/yuh4hmscqk75nqod6dkr.png\\\"}},{\\\"id\\\":\\\"78b09bbe-4dee-408d-99b0-bba85b8c8ac5\\\",\\\"name\\\":\\\"Macbook Pro M2 13 inch 2022 8CPU 8GPU 256GB RAM 16GB Chính hãng VN\\\",\\\"image\\\":\\\"https://res.cloudinary.com/dkkh1gtoj/image/upload/v1698043928/viettaiit-ecommerce/products/tzvrukm08l4tnpd7u7l2.jpg\\\",\\\"slug\\\":\\\"macbook-pro-m2-13-inch-2022-8cpu-8gpu-256gb-ram-16gb-chinh-hang-vn\\\",\\\"description\\\":\\\"Được hỗ trợ 1 đổi 1 trong 7 ngày nếu có lỗi từ nhà sản xuất\\\",\\\"discount\\\":1,\\\"price\\\":24000000,\\\"createdAt\\\":\\\"2023-10-23T06:53:40.000Z\\\",\\\"updatedAt\\\":\\\"2023-10-23T06:53:40.000Z\\\",\\\"categoryId\\\":\\\"4dfe0b0c-eece-477e-aa19-2c15b51d1faa\\\",\\\"providerId\\\":\\\"8f24916a-cf31-4b04-a2e3-95d4d8abaa12\\\",\\\"provider\\\":{\\\"id\\\":\\\"8f24916a-cf31-4b04-a2e3-95d4d8abaa12\\\",\\\"providerName\\\":\\\"Apple\\\"},\\\"category\\\":{\\\"id\\\":\\\"4dfe0b0c-eece-477e-aa19-2c15b51d1faa\\\",\\\"categoryName\\\":\\\"Mac\\\",\\\"image\\\":\\\"https://res.cloudinary.com/dkkh1gtoj/image/upload/v1697898562/viettaiit-ecommerce/categories/yuh4hmscqk75nqod6dkr.png\\\"}},{\\\"id\\\":\\\"bf4b9825-39ac-4e72-a45d-f143464ca1bd\\\",\\\"name\\\":\\\"Mac Air M1 13inch 2022 8CPU 10GPU 256GB RAM 8GB Chính hãng VN\\\",\\\"image\\\":\\\"https://res.cloudinary.com/dkkh1gtoj/image/upload/v1698043985/viettaiit-ecommerce/products/fa8ctg2zlimnzxpgfrgx.jpg\\\",\\\"slug\\\":\\\"macbook-air-m1-13inch-2022-8cpu-10gpu-256gb-ram-8gb-chinh-hang-vn\\\",\\\"description\\\":\\\"Được hỗ trợ 1 đổi 1 trong 7 ngày nếu có lỗi từ nhà sản xuất\\\",\\\"discount\\\":10,\\\"price\\\":30490000,\\\"createdAt\\\":\\\"2023-10-23T06:54:37.000Z\\\",\\\"updatedAt\\\":\\\"2023-10-23T06:54:37.000Z\\\",\\\"categoryId\\\":\\\"4dfe0b0c-eece-477e-aa19-2c15b51d1faa\\\",\\\"providerId\\\":\\\"8f24916a-cf31-4b04-a2e3-95d4d8abaa12\\\",\\\"provider\\\":{\\\"id\\\":\\\"8f24916a-cf31-4b04-a2e3-95d4d8abaa12\\\",\\\"providerName\\\":\\\"Apple\\\"},\\\"category\\\":{\\\"id\\\":\\\"4dfe0b0c-eece-477e-aa19-2c15b51d1faa\\\",\\\"categoryName\\\":\\\"Mac\\\",\\\"image\\\":\\\"https://res.cloudinary.com/dkkh1gtoj/image/upload/v1697898562/viettaiit-ecommerce/categories/yuh4hmscqk75nqod6dkr.png\\\"}},{\\\"id\\\":\\\"73902510-5761-4d27-8847-ef0c81bc9e94\\\",\\\"name\\\":\\\"Macbook Air M2 13inch 2022 8CPU 10GPU 256GB RAM 8GB Chính hãng VN\\\",\\\"image\\\":\\\"https://res.cloudinary.com/dkkh1gtoj/image/upload/v1698045767/viettaiit-ecommerce/products/5_qnr84q.webp\\\",\\\"slug\\\":\\\"macbook-air-m2-13inch-2022-8cpu-10gpu-256gb-ram-8gb-chinh-hang-vn\\\",\\\"description\\\":\\\"Được hỗ trợ 1 đổi 1 trong 7 ngày nếu có lỗi từ nhà sản xuất\\\",\\\"discount\\\":0,\\\"price\\\":12000000,\\\"createdAt\\\":\\\"2023-10-23T06:55:12.000Z\\\",\\\"updatedAt\\\":\\\"2023-10-23T06:55:12.000Z\\\",\\\"categoryId\\\":\\\"4dfe0b0c-eece-477e-aa19-2c15b51d1faa\\\",\\\"providerId\\\":\\\"8f24916a-cf31-4b04-a2e3-95d4d8abaa12\\\",\\\"provider\\\":{\\\"id\\\":\\\"8f24916a-cf31-4b04-a2e3-95d4d8abaa12\\\",\\\"providerName\\\":\\\"Apple\\\"},\\\"category\\\":{\\\"id\\\":\\\"4dfe0b0c-eece-477e-aa19-2c15b51d1faa\\\",\\\"categoryName\\\":\\\"Mac\\\",\\\"image\\\":\\\"https://res.cloudinary.com/dkkh1gtoj/image/upload/v1697898562/viettaiit-ecommerce/categories/yuh4hmscqk75nqod6dkr.png\\\"}}]}\"','categoryId:4dfe0b0c-eece-477e-aa19-2c15b51d1faa,page:1,limit:8,offset:0,sort:createdAt','2023-10-23 11:12:31','2023-10-23 11:12:31'),('db31f7a6-ede8-4c1f-b91b-02f5f64088e8','\"{\\\"page\\\":1,\\\"total\\\":4,\\\"totalPages\\\":1,\\\"data\\\":[{\\\"id\\\":\\\"7fef891d-05d2-43b1-8af6-e7e28519fbf3\\\",\\\"name\\\":\\\"iPad Air 5 512GB 5G - Chính hãng VN\\\",\\\"image\\\":\\\"https://res.cloudinary.com/dkkh1gtoj/image/upload/v1698046050/viettaiit-ecommerce/products/d9kugj1434xegi2bml7t.jpg\\\",\\\"slug\\\":\\\"ipad-air-5-512gb-5g-chinh-hang-vn\\\",\\\"description\\\":\\\"Được hỗ trợ 1 đổi 1 trong 30 ngày nếu có lỗi từ nhà sản xuất\\\",\\\"discount\\\":0,\\\"price\\\":12000000,\\\"createdAt\\\":\\\"2023-10-23T07:29:02.000Z\\\",\\\"updatedAt\\\":\\\"2023-10-23T07:29:02.000Z\\\",\\\"categoryId\\\":\\\"5102c8b2-1dd5-481a-96e7-d61250f2ea05\\\",\\\"providerId\\\":\\\"8f24916a-cf31-4b04-a2e3-95d4d8abaa12\\\",\\\"provider\\\":{\\\"id\\\":\\\"8f24916a-cf31-4b04-a2e3-95d4d8abaa12\\\",\\\"providerName\\\":\\\"Apple\\\"},\\\"category\\\":{\\\"id\\\":\\\"5102c8b2-1dd5-481a-96e7-d61250f2ea05\\\",\\\"categoryName\\\":\\\"IPad\\\",\\\"image\\\":\\\"https://res.cloudinary.com/dkkh1gtoj/image/upload/v1698037897/viettaiit-ecommerce/categories/ipad_ff4r3b.webp\\\"}},{\\\"id\\\":\\\"f66456a5-064e-46f7-bc99-e5c0b83388de\\\",\\\"name\\\":\\\"iPad Pro 5 512GB 5G - Chính hãng VN\\\",\\\"image\\\":\\\"https://res.cloudinary.com/dkkh1gtoj/image/upload/v1698046090/viettaiit-ecommerce/products/skfqfh6bnv4tj6ik7pzr.jpg\\\",\\\"slug\\\":\\\"ipad-pro-5-512gb-5g-chinh-hang-vn\\\",\\\"description\\\":\\\"Được hỗ trợ 1 đổi 1 trong 30 ngày nếu có lỗi từ nhà sản xuất\\\",\\\"discount\\\":0,\\\"price\\\":15000000,\\\"createdAt\\\":\\\"2023-10-23T07:29:42.000Z\\\",\\\"updatedAt\\\":\\\"2023-10-23T07:29:42.000Z\\\",\\\"categoryId\\\":\\\"5102c8b2-1dd5-481a-96e7-d61250f2ea05\\\",\\\"providerId\\\":\\\"8f24916a-cf31-4b04-a2e3-95d4d8abaa12\\\",\\\"provider\\\":{\\\"id\\\":\\\"8f24916a-cf31-4b04-a2e3-95d4d8abaa12\\\",\\\"providerName\\\":\\\"Apple\\\"},\\\"category\\\":{\\\"id\\\":\\\"5102c8b2-1dd5-481a-96e7-d61250f2ea05\\\",\\\"categoryName\\\":\\\"IPad\\\",\\\"image\\\":\\\"https://res.cloudinary.com/dkkh1gtoj/image/upload/v1698037897/viettaiit-ecommerce/categories/ipad_ff4r3b.webp\\\"}},{\\\"id\\\":\\\"0ec874f2-532a-43f5-9272-040c3dff6301\\\",\\\"name\\\":\\\"iPad Mini 5 512GB 5G - Chính hãng VN\\\",\\\"image\\\":\\\"https://res.cloudinary.com/dkkh1gtoj/image/upload/v1698046131/viettaiit-ecommerce/products/tstba5ux0xinmnc7oasj.jpg\\\",\\\"slug\\\":\\\"ipad-mini-5-512gb-5g-chinh-hang-vn\\\",\\\"description\\\":\\\"Được hỗ trợ 1 đổi 1 trong 30 ngày nếu có lỗi từ nhà sản xuất\\\",\\\"discount\\\":12,\\\"price\\\":12000000,\\\"createdAt\\\":\\\"2023-10-23T07:30:23.000Z\\\",\\\"updatedAt\\\":\\\"2023-10-23T07:30:23.000Z\\\",\\\"categoryId\\\":\\\"5102c8b2-1dd5-481a-96e7-d61250f2ea05\\\",\\\"providerId\\\":\\\"8f24916a-cf31-4b04-a2e3-95d4d8abaa12\\\",\\\"provider\\\":{\\\"id\\\":\\\"8f24916a-cf31-4b04-a2e3-95d4d8abaa12\\\",\\\"providerName\\\":\\\"Apple\\\"},\\\"category\\\":{\\\"id\\\":\\\"5102c8b2-1dd5-481a-96e7-d61250f2ea05\\\",\\\"categoryName\\\":\\\"IPad\\\",\\\"image\\\":\\\"https://res.cloudinary.com/dkkh1gtoj/image/upload/v1698037897/viettaiit-ecommerce/categories/ipad_ff4r3b.webp\\\"}},{\\\"id\\\":\\\"ba70e636-2a66-402e-bec6-d50e50763976\\\",\\\"name\\\":\\\"iPad 10.2 512GB 5G - Chính hãng VN\\\",\\\"image\\\":\\\"https://res.cloudinary.com/dkkh1gtoj/image/upload/v1698046173/viettaiit-ecommerce/products/n16swgulttlew5dzdyvj.jpg\\\",\\\"slug\\\":\\\"ipad-102-512gb-5g-chinh-hang-vn\\\",\\\"description\\\":\\\"Được hỗ trợ 1 đổi 1 trong 30 ngày nếu có lỗi từ nhà sản xuất\\\",\\\"discount\\\":0,\\\"price\\\":1900000,\\\"createdAt\\\":\\\"2023-10-23T07:31:05.000Z\\\",\\\"updatedAt\\\":\\\"2023-10-23T07:31:05.000Z\\\",\\\"categoryId\\\":\\\"5102c8b2-1dd5-481a-96e7-d61250f2ea05\\\",\\\"providerId\\\":\\\"8f24916a-cf31-4b04-a2e3-95d4d8abaa12\\\",\\\"provider\\\":{\\\"id\\\":\\\"8f24916a-cf31-4b04-a2e3-95d4d8abaa12\\\",\\\"providerName\\\":\\\"Apple\\\"},\\\"category\\\":{\\\"id\\\":\\\"5102c8b2-1dd5-481a-96e7-d61250f2ea05\\\",\\\"categoryName\\\":\\\"IPad\\\",\\\"image\\\":\\\"https://res.cloudinary.com/dkkh1gtoj/image/upload/v1698037897/viettaiit-ecommerce/categories/ipad_ff4r3b.webp\\\"}}]}\"','categoryId:5102c8b2-1dd5-481a-96e7-d61250f2ea05,page:1,limit:8,offset:0,sort:createdAt','2023-10-23 11:12:32','2023-10-23 11:12:32'),('e61ac36b-2be7-4b91-85bf-60aa2d9f715b','\"{\\\"page\\\":1,\\\"total\\\":30,\\\"totalPages\\\":4,\\\"data\\\":[{\\\"id\\\":\\\"516d7068-03c7-45b9-8fa6-e1969322d3a9\\\",\\\"name\\\":\\\"iPhone 14 256GB - Chính hãng VN\\\",\\\"image\\\":\\\"https://res.cloudinary.com/dkkh1gtoj/image/upload/v1698043166/viettaiit-ecommerce/products/czvuktxxqpbwhztqvdfj.jpg\\\",\\\"slug\\\":\\\"iphone-14-256gb-chinh-hang-vn\\\",\\\"description\\\":\\\"Được hỗ trợ 1 đổi 1 trong 30 ngày nếu có lỗi từ nhà sản xuất\\\",\\\"discount\\\":12,\\\"price\\\":32490000,\\\"createdAt\\\":\\\"2023-10-23T06:40:58.000Z\\\",\\\"updatedAt\\\":\\\"2023-10-23T06:40:58.000Z\\\",\\\"categoryId\\\":\\\"f47ac10b-58cc-4372-a567-0e02b2c3d479\\\",\\\"providerId\\\":\\\"8f24916a-cf31-4b04-a2e3-95d4d8abaa12\\\",\\\"provider\\\":{\\\"id\\\":\\\"8f24916a-cf31-4b04-a2e3-95d4d8abaa12\\\",\\\"providerName\\\":\\\"Apple\\\"},\\\"category\\\":{\\\"id\\\":\\\"f47ac10b-58cc-4372-a567-0e02b2c3d479\\\",\\\"categoryName\\\":\\\"IPhone\\\",\\\"image\\\":\\\"https://res.cloudinary.com/dkkh1gtoj/image/upload/v1697898562/viettaiit-ecommerce/categories/uxxh2grpyoqognxietg1.png\\\"}},{\\\"id\\\":\\\"d3b1d4d9-0e26-4b0a-b863-a615bfe7e6be\\\",\\\"name\\\":\\\"iPhone 13 256GB - Chính hãng VNA\\\",\\\"image\\\":\\\"https://res.cloudinary.com/dkkh1gtoj/image/upload/v1698043229/viettaiit-ecommerce/products/qsbruz8knlibsjgadlae.jpg\\\",\\\"slug\\\":\\\"iphone-13-256gb-chinh-hang-vna\\\",\\\"description\\\":\\\"Được hỗ trợ 1 đổi 1 trong 30 ngày nếu có lỗi từ nhà sản xuất\\\",\\\"discount\\\":12,\\\"price\\\":30490000,\\\"createdAt\\\":\\\"2023-10-23T06:42:01.000Z\\\",\\\"updatedAt\\\":\\\"2023-10-23T06:42:01.000Z\\\",\\\"categoryId\\\":\\\"f47ac10b-58cc-4372-a567-0e02b2c3d479\\\",\\\"providerId\\\":\\\"8f24916a-cf31-4b04-a2e3-95d4d8abaa12\\\",\\\"provider\\\":{\\\"id\\\":\\\"8f24916a-cf31-4b04-a2e3-95d4d8abaa12\\\",\\\"providerName\\\":\\\"Apple\\\"},\\\"category\\\":{\\\"id\\\":\\\"f47ac10b-58cc-4372-a567-0e02b2c3d479\\\",\\\"categoryName\\\":\\\"IPhone\\\",\\\"image\\\":\\\"https://res.cloudinary.com/dkkh1gtoj/image/upload/v1697898562/viettaiit-ecommerce/categories/uxxh2grpyoqognxietg1.png\\\"}},{\\\"id\\\":\\\"82bfed84-1ed9-466f-905c-5dfa587c3e54\\\",\\\"name\\\":\\\"iPhone 13 512GB - Chính hãng VN/A\\\",\\\"image\\\":\\\"https://res.cloudinary.com/dkkh1gtoj/image/upload/v1698043331/viettaiit-ecommerce/products/u4mg6kqictzcnhhdvgja.jpg\\\",\\\"slug\\\":\\\"iphone-13-512gb-chinh-hang-vna\\\",\\\"description\\\":\\\"Được hỗ trợ 1 đổi 1 trong 30 ngày nếu có lỗi từ nhà sản xuất\\\",\\\"discount\\\":12,\\\"price\\\":30000000,\\\"createdAt\\\":\\\"2023-10-23T06:43:43.000Z\\\",\\\"updatedAt\\\":\\\"2023-10-23T06:43:43.000Z\\\",\\\"categoryId\\\":\\\"f47ac10b-58cc-4372-a567-0e02b2c3d479\\\",\\\"providerId\\\":\\\"8f24916a-cf31-4b04-a2e3-95d4d8abaa12\\\",\\\"provider\\\":{\\\"id\\\":\\\"8f24916a-cf31-4b04-a2e3-95d4d8abaa12\\\",\\\"providerName\\\":\\\"Apple\\\"},\\\"category\\\":{\\\"id\\\":\\\"f47ac10b-58cc-4372-a567-0e02b2c3d479\\\",\\\"categoryName\\\":\\\"IPhone\\\",\\\"image\\\":\\\"https://res.cloudinary.com/dkkh1gtoj/image/upload/v1697898562/viettaiit-ecommerce/categories/uxxh2grpyoqognxietg1.png\\\"}},{\\\"id\\\":\\\"d4b7fc10-da2e-4f5f-ab9d-55f4b097baaf\\\",\\\"name\\\":\\\"iPhone 12 512GB - Chính hãng VNA\\\",\\\"image\\\":\\\"https://res.cloudinary.com/dkkh1gtoj/image/upload/v1698043397/viettaiit-ecommerce/products/d88shtrkemgundpn0giy.jpg\\\",\\\"slug\\\":\\\"iphone-12-512gb-chinh-hang-vna\\\",\\\"description\\\":\\\"Được hỗ trợ 1 đổi 1 trong 30 ngày nếu có lỗi từ nhà sản xuất\\\",\\\"discount\\\":1,\\\"price\\\":20000000,\\\"createdAt\\\":\\\"2023-10-23T06:44:49.000Z\\\",\\\"updatedAt\\\":\\\"2023-10-23T06:44:49.000Z\\\",\\\"categoryId\\\":\\\"f47ac10b-58cc-4372-a567-0e02b2c3d479\\\",\\\"providerId\\\":\\\"8f24916a-cf31-4b04-a2e3-95d4d8abaa12\\\",\\\"provider\\\":{\\\"id\\\":\\\"8f24916a-cf31-4b04-a2e3-95d4d8abaa12\\\",\\\"providerName\\\":\\\"Apple\\\"},\\\"category\\\":{\\\"id\\\":\\\"f47ac10b-58cc-4372-a567-0e02b2c3d479\\\",\\\"categoryName\\\":\\\"IPhone\\\",\\\"image\\\":\\\"https://res.cloudinary.com/dkkh1gtoj/image/upload/v1697898562/viettaiit-ecommerce/categories/uxxh2grpyoqognxietg1.png\\\"}},{\\\"id\\\":\\\"9e460cdb-2d33-4995-8f6a-43d37d81c6d0\\\",\\\"name\\\":\\\"iPhone 11 512GB - Chính hãng VNA\\\",\\\"image\\\":\\\"https://res.cloudinary.com/dkkh1gtoj/image/upload/v1698043439/viettaiit-ecommerce/products/kprugme4flc8vguj4ek2.jpg\\\",\\\"slug\\\":\\\"iphone-11-512gb-chinh-hang-vna\\\",\\\"description\\\":\\\"Được hỗ trợ 1 đổi 1 trong 30 ngày nếu có lỗi từ nhà sản xuất\\\",\\\"discount\\\":1,\\\"price\\\":10000000,\\\"createdAt\\\":\\\"2023-10-23T06:45:31.000Z\\\",\\\"updatedAt\\\":\\\"2023-10-23T06:45:31.000Z\\\",\\\"categoryId\\\":\\\"f47ac10b-58cc-4372-a567-0e02b2c3d479\\\",\\\"providerId\\\":\\\"8f24916a-cf31-4b04-a2e3-95d4d8abaa12\\\",\\\"provider\\\":{\\\"id\\\":\\\"8f24916a-cf31-4b04-a2e3-95d4d8abaa12\\\",\\\"providerName\\\":\\\"Apple\\\"},\\\"category\\\":{\\\"id\\\":\\\"f47ac10b-58cc-4372-a567-0e02b2c3d479\\\",\\\"categoryName\\\":\\\"IPhone\\\",\\\"image\\\":\\\"https://res.cloudinary.com/dkkh1gtoj/image/upload/v1697898562/viettaiit-ecommerce/categories/uxxh2grpyoqognxietg1.png\\\"}},{\\\"id\\\":\\\"6ff07fad-34c7-4c82-b173-f84044f6f595\\\",\\\"name\\\":\\\"iPhone 14 Plus 512GB - Chính hãng VNA\\\",\\\"image\\\":\\\"https://res.cloudinary.com/dkkh1gtoj/image/upload/v1698043488/viettaiit-ecommerce/products/iqvyxcmcekg8shbgsbid.jpg\\\",\\\"slug\\\":\\\"iphone-14-plus-512gb-chinh-hang-vna\\\",\\\"description\\\":\\\"Được hỗ trợ 1 đổi 1 trong 30 ngày nếu có lỗi từ nhà sản xuất\\\",\\\"discount\\\":12,\\\"price\\\":32490000,\\\"createdAt\\\":\\\"2023-10-23T06:46:20.000Z\\\",\\\"updatedAt\\\":\\\"2023-10-23T06:46:20.000Z\\\",\\\"categoryId\\\":\\\"f47ac10b-58cc-4372-a567-0e02b2c3d479\\\",\\\"providerId\\\":\\\"8f24916a-cf31-4b04-a2e3-95d4d8abaa12\\\",\\\"provider\\\":{\\\"id\\\":\\\"8f24916a-cf31-4b04-a2e3-95d4d8abaa12\\\",\\\"providerName\\\":\\\"Apple\\\"},\\\"category\\\":{\\\"id\\\":\\\"f47ac10b-58cc-4372-a567-0e02b2c3d479\\\",\\\"categoryName\\\":\\\"IPhone\\\",\\\"image\\\":\\\"https://res.cloudinary.com/dkkh1gtoj/image/upload/v1697898562/viettaiit-ecommerce/categories/uxxh2grpyoqognxietg1.png\\\"}},{\\\"id\\\":\\\"ff4b52f7-f238-437a-a7eb-8afb902352e4\\\",\\\"name\\\":\\\"iPhone 14 Pro 512GB - Chính hãng VNA\\\",\\\"image\\\":\\\"https://res.cloudinary.com/dkkh1gtoj/image/upload/v1698043531/viettaiit-ecommerce/products/x0t5klsijtgwez3y8yne.jpg\\\",\\\"slug\\\":\\\"iphone-14-pro-512gb-chinh-hang-vna\\\",\\\"description\\\":\\\"Được hỗ trợ 1 đổi 1 trong 30 ngày nếu có lỗi từ nhà sản xuất\\\",\\\"discount\\\":10,\\\"price\\\":32490000,\\\"createdAt\\\":\\\"2023-10-23T06:47:03.000Z\\\",\\\"updatedAt\\\":\\\"2023-10-23T06:47:03.000Z\\\",\\\"categoryId\\\":\\\"f47ac10b-58cc-4372-a567-0e02b2c3d479\\\",\\\"providerId\\\":\\\"8f24916a-cf31-4b04-a2e3-95d4d8abaa12\\\",\\\"provider\\\":{\\\"id\\\":\\\"8f24916a-cf31-4b04-a2e3-95d4d8abaa12\\\",\\\"providerName\\\":\\\"Apple\\\"},\\\"category\\\":{\\\"id\\\":\\\"f47ac10b-58cc-4372-a567-0e02b2c3d479\\\",\\\"categoryName\\\":\\\"IPhone\\\",\\\"image\\\":\\\"https://res.cloudinary.com/dkkh1gtoj/image/upload/v1697898562/viettaiit-ecommerce/categories/uxxh2grpyoqognxietg1.png\\\"}},{\\\"id\\\":\\\"9fc01723-ee54-4cfc-94a3-88710d33c639\\\",\\\"name\\\":\\\"iPhone 14 Pro Max 512GB - Chính hãng VNA\\\",\\\"image\\\":\\\"https://res.cloudinary.com/dkkh1gtoj/image/upload/v1698043566/viettaiit-ecommerce/products/sp29gwmtf5nnecb97ltg.jpg\\\",\\\"slug\\\":\\\"iphone-14-pro-max-512gb-chinh-hang-vna\\\",\\\"description\\\":\\\"Được hỗ trợ 1 đổi 1 trong 30 ngày nếu có lỗi từ nhà sản xuất\\\",\\\"discount\\\":12,\\\"price\\\":12000000,\\\"createdAt\\\":\\\"2023-10-23T06:47:38.000Z\\\",\\\"updatedAt\\\":\\\"2023-10-23T06:47:38.000Z\\\",\\\"categoryId\\\":\\\"f47ac10b-58cc-4372-a567-0e02b2c3d479\\\",\\\"providerId\\\":\\\"8f24916a-cf31-4b04-a2e3-95d4d8abaa12\\\",\\\"provider\\\":{\\\"id\\\":\\\"8f24916a-cf31-4b04-a2e3-95d4d8abaa12\\\",\\\"providerName\\\":\\\"Apple\\\"},\\\"category\\\":{\\\"id\\\":\\\"f47ac10b-58cc-4372-a567-0e02b2c3d479\\\",\\\"categoryName\\\":\\\"IPhone\\\",\\\"image\\\":\\\"https://res.cloudinary.com/dkkh1gtoj/image/upload/v1697898562/viettaiit-ecommerce/categories/uxxh2grpyoqognxietg1.png\\\"}}]}\"','page:1,limit:8,offset:0,sort:createdAt','2023-10-23 11:12:29','2023-10-23 11:12:29'),('f00b7adf-c5bf-41e7-97ac-af68ea4aa195','\"{\\\"page\\\":1,\\\"total\\\":30,\\\"totalPages\\\":4,\\\"data\\\":[{\\\"id\\\":\\\"7e111ad1-78d6-4ab6-9bb6-fe28dabd65d6\\\",\\\"name\\\":\\\"Tai nghe Apple Earpods Lightning Chính Hãng MMTN2ZA\\\",\\\"image\\\":\\\"https://res.cloudinary.com/dkkh1gtoj/image/upload/v1698044576/viettaiit-ecommerce/products/qihl2sxqkxp6bnuf2fiz.jpg\\\",\\\"slug\\\":\\\"tai-nghe-apple-earpods-lightning-chinh-hang-mmtn2za\\\",\\\"description\\\":\\\"Được hỗ trợ 1 đổi 1 trong 7 ngày nếu có lỗi từ nhà sản xuất\\\",\\\"discount\\\":0,\\\"price\\\":890000,\\\"createdAt\\\":\\\"2023-10-23T07:04:27.000Z\\\",\\\"updatedAt\\\":\\\"2023-10-23T07:04:27.000Z\\\",\\\"categoryId\\\":\\\"b39ea7b2-cc38-4dd4-89f4-6c738903b3e0\\\",\\\"providerId\\\":\\\"8f24916a-cf31-4b04-a2e3-95d4d8abaa12\\\",\\\"provider\\\":{\\\"id\\\":\\\"8f24916a-cf31-4b04-a2e3-95d4d8abaa12\\\",\\\"providerName\\\":\\\"Apple\\\"},\\\"category\\\":{\\\"id\\\":\\\"b39ea7b2-cc38-4dd4-89f4-6c738903b3e0\\\",\\\"categoryName\\\":\\\"Âm thanh\\\",\\\"image\\\":\\\"https://res.cloudinary.com/dkkh1gtoj/image/upload/v1697898562/viettaiit-ecommerce/categories/jqh2ucdo1lga8qxn0b7a.png\\\"}},{\\\"id\\\":\\\"8bf8a508-fe23-416f-88cb-b9e61f8cce86\\\",\\\"name\\\":\\\"Ốp lưng MagSafe iPhone 14 Apple Silicone Chính Hãng\\\",\\\"image\\\":\\\"https://res.cloudinary.com/dkkh1gtoj/image/upload/v1698044844/viettaiit-ecommerce/products/jkqgmrbwoyxlnqccxdy1.jpg\\\",\\\"slug\\\":\\\"op-lung-magsafe-iphone-14-apple-silicone-chinh-hang\\\",\\\"description\\\":\\\"Được hỗ trợ 1 đổi 1 trong 7 ngày nếu có lỗi từ nhà sản xuất\\\",\\\"discount\\\":0,\\\"price\\\":120000,\\\"createdAt\\\":\\\"2023-10-23T07:08:56.000Z\\\",\\\"updatedAt\\\":\\\"2023-10-23T07:08:56.000Z\\\",\\\"categoryId\\\":\\\"3f9d74d0-14c9-44d7-80b7-cd2d41104970\\\",\\\"providerId\\\":\\\"8f24916a-cf31-4b04-a2e3-95d4d8abaa12\\\",\\\"provider\\\":{\\\"id\\\":\\\"8f24916a-cf31-4b04-a2e3-95d4d8abaa12\\\",\\\"providerName\\\":\\\"Apple\\\"},\\\"category\\\":{\\\"id\\\":\\\"3f9d74d0-14c9-44d7-80b7-cd2d41104970\\\",\\\"categoryName\\\":\\\"Phụ kiện\\\",\\\"image\\\":\\\"https://res.cloudinary.com/dkkh1gtoj/image/upload/v1697898562/viettaiit-ecommerce/categories/cpsrvtubjnycg8ek0dd0.png\\\"}},{\\\"id\\\":\\\"a6f45381-90af-49ce-811d-17a4909d388e\\\",\\\"name\\\":\\\"Magic Mouse Multi-Touch 2022 màu Đen - MMMQ3ZA\\\",\\\"image\\\":\\\"https://res.cloudinary.com/dkkh1gtoj/image/upload/v1698044716/viettaiit-ecommerce/products/qssx5doleropdkgd0sbr.jpg\\\",\\\"slug\\\":\\\"magic-mouse-multi-touch-2022-mau-den-mmmq3za\\\",\\\"description\\\":\\\"Được hỗ trợ 1 đổi 1 trong 7 ngày nếu có lỗi từ nhà sản xuất\\\",\\\"discount\\\":0,\\\"price\\\":250000,\\\"createdAt\\\":\\\"2023-10-23T07:06:47.000Z\\\",\\\"updatedAt\\\":\\\"2023-10-23T07:06:47.000Z\\\",\\\"categoryId\\\":\\\"3f9d74d0-14c9-44d7-80b7-cd2d41104970\\\",\\\"providerId\\\":\\\"8f24916a-cf31-4b04-a2e3-95d4d8abaa12\\\",\\\"provider\\\":{\\\"id\\\":\\\"8f24916a-cf31-4b04-a2e3-95d4d8abaa12\\\",\\\"providerName\\\":\\\"Apple\\\"},\\\"category\\\":{\\\"id\\\":\\\"3f9d74d0-14c9-44d7-80b7-cd2d41104970\\\",\\\"categoryName\\\":\\\"Phụ kiện\\\",\\\"image\\\":\\\"https://res.cloudinary.com/dkkh1gtoj/image/upload/v1697898562/viettaiit-ecommerce/categories/cpsrvtubjnycg8ek0dd0.png\\\"}},{\\\"id\\\":\\\"78b09bbe-4dee-408d-99b0-bba85b8c8ac5\\\",\\\"name\\\":\\\"Macbook Pro M2 13 inch 2022 8CPU 8GPU 256GB RAM 16GB Chính hãng VN\\\",\\\"image\\\":\\\"https://res.cloudinary.com/dkkh1gtoj/image/upload/v1698043928/viettaiit-ecommerce/products/tzvrukm08l4tnpd7u7l2.jpg\\\",\\\"slug\\\":\\\"macbook-pro-m2-13-inch-2022-8cpu-8gpu-256gb-ram-16gb-chinh-hang-vn\\\",\\\"description\\\":\\\"Được hỗ trợ 1 đổi 1 trong 7 ngày nếu có lỗi từ nhà sản xuất\\\",\\\"discount\\\":1,\\\"price\\\":24000000,\\\"createdAt\\\":\\\"2023-10-23T06:53:40.000Z\\\",\\\"updatedAt\\\":\\\"2023-10-23T06:53:40.000Z\\\",\\\"categoryId\\\":\\\"4dfe0b0c-eece-477e-aa19-2c15b51d1faa\\\",\\\"providerId\\\":\\\"8f24916a-cf31-4b04-a2e3-95d4d8abaa12\\\",\\\"provider\\\":{\\\"id\\\":\\\"8f24916a-cf31-4b04-a2e3-95d4d8abaa12\\\",\\\"providerName\\\":\\\"Apple\\\"},\\\"category\\\":{\\\"id\\\":\\\"4dfe0b0c-eece-477e-aa19-2c15b51d1faa\\\",\\\"categoryName\\\":\\\"Mac\\\",\\\"image\\\":\\\"https://res.cloudinary.com/dkkh1gtoj/image/upload/v1697898562/viettaiit-ecommerce/categories/yuh4hmscqk75nqod6dkr.png\\\"}},{\\\"id\\\":\\\"1d68e97a-5d7e-4dc4-b06e-bb3cda07a25e\\\",\\\"name\\\":\\\"Macbook Pro 13 inch M1 LATE 2020 256GB - New seal Hàng Chính Hãng VN - (MGN63 - MGN93 - MGND3)\\\",\\\"image\\\":\\\"https://res.cloudinary.com/dkkh1gtoj/image/upload/v1698045767/viettaiit-ecommerce/products/5_qnr84q.webp\\\",\\\"slug\\\":\\\"macbook-pro-13-inch-m1-late-2020-256gb-new-seal-hang-chinh-hang-vn-mgn63-mgn93-mgnd3\\\",\\\"description\\\":\\\"Được hỗ trợ 1 đổi 1 trong 7 ngày nếu có lỗi từ nhà sản xuất\\\",\\\"discount\\\":12,\\\"price\\\":23000000,\\\"createdAt\\\":\\\"2023-10-23T06:50:55.000Z\\\",\\\"updatedAt\\\":\\\"2023-10-23T06:50:55.000Z\\\",\\\"categoryId\\\":\\\"4dfe0b0c-eece-477e-aa19-2c15b51d1faa\\\",\\\"providerId\\\":\\\"8f24916a-cf31-4b04-a2e3-95d4d8abaa12\\\",\\\"provider\\\":{\\\"id\\\":\\\"8f24916a-cf31-4b04-a2e3-95d4d8abaa12\\\",\\\"providerName\\\":\\\"Apple\\\"},\\\"category\\\":{\\\"id\\\":\\\"4dfe0b0c-eece-477e-aa19-2c15b51d1faa\\\",\\\"categoryName\\\":\\\"Mac\\\",\\\"image\\\":\\\"https://res.cloudinary.com/dkkh1gtoj/image/upload/v1697898562/viettaiit-ecommerce/categories/yuh4hmscqk75nqod6dkr.png\\\"}},{\\\"id\\\":\\\"73902510-5761-4d27-8847-ef0c81bc9e94\\\",\\\"name\\\":\\\"Macbook Air M2 13inch 2022 8CPU 10GPU 256GB RAM 8GB Chính hãng VN\\\",\\\"image\\\":\\\"https://res.cloudinary.com/dkkh1gtoj/image/upload/v1698045767/viettaiit-ecommerce/products/5_qnr84q.webp\\\",\\\"slug\\\":\\\"macbook-air-m2-13inch-2022-8cpu-10gpu-256gb-ram-8gb-chinh-hang-vn\\\",\\\"description\\\":\\\"Được hỗ trợ 1 đổi 1 trong 7 ngày nếu có lỗi từ nhà sản xuất\\\",\\\"discount\\\":0,\\\"price\\\":12000000,\\\"createdAt\\\":\\\"2023-10-23T06:55:12.000Z\\\",\\\"updatedAt\\\":\\\"2023-10-23T06:55:12.000Z\\\",\\\"categoryId\\\":\\\"4dfe0b0c-eece-477e-aa19-2c15b51d1faa\\\",\\\"providerId\\\":\\\"8f24916a-cf31-4b04-a2e3-95d4d8abaa12\\\",\\\"provider\\\":{\\\"id\\\":\\\"8f24916a-cf31-4b04-a2e3-95d4d8abaa12\\\",\\\"providerName\\\":\\\"Apple\\\"},\\\"category\\\":{\\\"id\\\":\\\"4dfe0b0c-eece-477e-aa19-2c15b51d1faa\\\",\\\"categoryName\\\":\\\"Mac\\\",\\\"image\\\":\\\"https://res.cloudinary.com/dkkh1gtoj/image/upload/v1697898562/viettaiit-ecommerce/categories/yuh4hmscqk75nqod6dkr.png\\\"}},{\\\"id\\\":\\\"bb40b3d0-f8ef-4eb7-88b0-3339979a405a\\\",\\\"name\\\":\\\"Macbook Air M2 13 inch 2022 8CPU 8GPU 256GB RAM 16GB Chính hãng VN\\\",\\\"image\\\":\\\"https://res.cloudinary.com/dkkh1gtoj/image/upload/v1698045767/viettaiit-ecommerce/products/5_qnr84q.webp\\\",\\\"slug\\\":\\\"macbook-air-m2-13-inch-2022-8cpu-8gpu-256gb-ram-16gb-chinh-hang-vn\\\",\\\"description\\\":\\\"Được hỗ trợ 1 đổi 1 trong 7 ngày nếu có lỗi từ nhà sản xuất\\\",\\\"discount\\\":12,\\\"price\\\":23000000,\\\"createdAt\\\":\\\"2023-10-23T06:52:46.000Z\\\",\\\"updatedAt\\\":\\\"2023-10-23T06:52:46.000Z\\\",\\\"categoryId\\\":\\\"4dfe0b0c-eece-477e-aa19-2c15b51d1faa\\\",\\\"providerId\\\":\\\"8f24916a-cf31-4b04-a2e3-95d4d8abaa12\\\",\\\"provider\\\":{\\\"id\\\":\\\"8f24916a-cf31-4b04-a2e3-95d4d8abaa12\\\",\\\"providerName\\\":\\\"Apple\\\"},\\\"category\\\":{\\\"id\\\":\\\"4dfe0b0c-eece-477e-aa19-2c15b51d1faa\\\",\\\"categoryName\\\":\\\"Mac\\\",\\\"image\\\":\\\"https://res.cloudinary.com/dkkh1gtoj/image/upload/v1697898562/viettaiit-ecommerce/categories/yuh4hmscqk75nqod6dkr.png\\\"}},{\\\"id\\\":\\\"40d53b02-37ec-406c-9500-21f8f2a2b0c4\\\",\\\"name\\\":\\\"Macbook Air 13 inch M1 LATE 2020 256GB - New seal Hàng Chính Hãng VN - (MGN63 - MGN93 - MGND3)\\\",\\\"image\\\":\\\"https://res.cloudinary.com/dkkh1gtoj/image/upload/v1698043720/viettaiit-ecommerce/products/y5oupgta3kyjkm7iihzb.jpg\\\",\\\"slug\\\":\\\"macbook-air-13-inch-m1-late-2020-256gb-new-seal-hang-chinh-hang-vn-mgn63-mgn93-mgnd3\\\",\\\"description\\\":\\\"Được hỗ trợ 1 đổi 1 trong 7 ngày nếu có lỗi từ nhà sản xuất\\\",\\\"discount\\\":12,\\\"price\\\":32490000,\\\"createdAt\\\":\\\"2023-10-23T06:50:12.000Z\\\",\\\"updatedAt\\\":\\\"2023-10-23T06:50:12.000Z\\\",\\\"categoryId\\\":\\\"4dfe0b0c-eece-477e-aa19-2c15b51d1faa\\\",\\\"providerId\\\":\\\"8f24916a-cf31-4b04-a2e3-95d4d8abaa12\\\",\\\"provider\\\":{\\\"id\\\":\\\"8f24916a-cf31-4b04-a2e3-95d4d8abaa12\\\",\\\"providerName\\\":\\\"Apple\\\"},\\\"category\\\":{\\\"id\\\":\\\"4dfe0b0c-eece-477e-aa19-2c15b51d1faa\\\",\\\"categoryName\\\":\\\"Mac\\\",\\\"image\\\":\\\"https://res.cloudinary.com/dkkh1gtoj/image/upload/v1697898562/viettaiit-ecommerce/categories/yuh4hmscqk75nqod6dkr.png\\\"}}]}\"','page:1,limit:8,offset:0,sort:-name','2023-10-23 11:12:37','2023-10-23 11:12:37'),('f12ddc91-5259-4884-ba70-3feb1cc03ab1','\"{\\\"page\\\":1,\\\"total\\\":1,\\\"totalPages\\\":1,\\\"data\\\":[{\\\"id\\\":\\\"359b3c98-b1ad-4baa-b490-50f868a94e7b\\\",\\\"name\\\":\\\"Apple Watch S7 2022 LTE 44mm - Chính hãng VN/A\\\",\\\"image\\\":\\\"https://res.cloudinary.com/dkkh1gtoj/image/upload/v1698044362/viettaiit-ecommerce/products/gnr1ldapd9l6ufy6gdh6.jpg\\\",\\\"slug\\\":\\\"apple-watch-s7-2022-lte-44mm-chinh-hang-vna\\\",\\\"description\\\":\\\"Được hỗ trợ 1 đổi 1 trong 30 ngày nếu có lỗi từ nhà sản xuất\\\",\\\"discount\\\":0,\\\"price\\\":16000000,\\\"createdAt\\\":\\\"2023-10-23T07:00:54.000Z\\\",\\\"updatedAt\\\":\\\"2023-10-23T07:00:54.000Z\\\",\\\"categoryId\\\":\\\"052c5089-4a6c-4d0a-b439-ef4e957df1b8\\\",\\\"providerId\\\":\\\"8f24916a-cf31-4b04-a2e3-95d4d8abaa12\\\",\\\"provider\\\":{\\\"id\\\":\\\"8f24916a-cf31-4b04-a2e3-95d4d8abaa12\\\",\\\"providerName\\\":\\\"Apple\\\"},\\\"category\\\":{\\\"id\\\":\\\"052c5089-4a6c-4d0a-b439-ef4e957df1b8\\\",\\\"categoryName\\\":\\\"Watch\\\",\\\"image\\\":\\\"https://res.cloudinary.com/dkkh1gtoj/image/upload/v1697898562/viettaiit-ecommerce/categories/xuabv3c3cowy0gbxguv0.png\\\"}}]}\"','name:Apple Watch S7,page:1,limit:8,offset:0','2023-10-23 11:18:14','2023-10-23 11:18:14'),('f2ab0c01-97cc-45c1-9839-2266224fc0ba','\"{\\\"page\\\":1,\\\"total\\\":30,\\\"totalPages\\\":4,\\\"data\\\":[{\\\"id\\\":\\\"8bf8a508-fe23-416f-88cb-b9e61f8cce86\\\",\\\"name\\\":\\\"Ốp lưng MagSafe iPhone 14 Apple Silicone Chính Hãng\\\",\\\"image\\\":\\\"https://res.cloudinary.com/dkkh1gtoj/image/upload/v1698044844/viettaiit-ecommerce/products/jkqgmrbwoyxlnqccxdy1.jpg\\\",\\\"slug\\\":\\\"op-lung-magsafe-iphone-14-apple-silicone-chinh-hang\\\",\\\"description\\\":\\\"Được hỗ trợ 1 đổi 1 trong 7 ngày nếu có lỗi từ nhà sản xuất\\\",\\\"discount\\\":0,\\\"price\\\":120000,\\\"createdAt\\\":\\\"2023-10-23T07:08:56.000Z\\\",\\\"updatedAt\\\":\\\"2023-10-23T07:08:56.000Z\\\",\\\"categoryId\\\":\\\"3f9d74d0-14c9-44d7-80b7-cd2d41104970\\\",\\\"providerId\\\":\\\"8f24916a-cf31-4b04-a2e3-95d4d8abaa12\\\",\\\"provider\\\":{\\\"id\\\":\\\"8f24916a-cf31-4b04-a2e3-95d4d8abaa12\\\",\\\"providerName\\\":\\\"Apple\\\"},\\\"category\\\":{\\\"id\\\":\\\"3f9d74d0-14c9-44d7-80b7-cd2d41104970\\\",\\\"categoryName\\\":\\\"Phụ kiện\\\",\\\"image\\\":\\\"https://res.cloudinary.com/dkkh1gtoj/image/upload/v1697898562/viettaiit-ecommerce/categories/cpsrvtubjnycg8ek0dd0.png\\\"}},{\\\"id\\\":\\\"a6f45381-90af-49ce-811d-17a4909d388e\\\",\\\"name\\\":\\\"Magic Mouse Multi-Touch 2022 màu Đen - MMMQ3ZA\\\",\\\"image\\\":\\\"https://res.cloudinary.com/dkkh1gtoj/image/upload/v1698044716/viettaiit-ecommerce/products/qssx5doleropdkgd0sbr.jpg\\\",\\\"slug\\\":\\\"magic-mouse-multi-touch-2022-mau-den-mmmq3za\\\",\\\"description\\\":\\\"Được hỗ trợ 1 đổi 1 trong 7 ngày nếu có lỗi từ nhà sản xuất\\\",\\\"discount\\\":0,\\\"price\\\":250000,\\\"createdAt\\\":\\\"2023-10-23T07:06:47.000Z\\\",\\\"updatedAt\\\":\\\"2023-10-23T07:06:47.000Z\\\",\\\"categoryId\\\":\\\"3f9d74d0-14c9-44d7-80b7-cd2d41104970\\\",\\\"providerId\\\":\\\"8f24916a-cf31-4b04-a2e3-95d4d8abaa12\\\",\\\"provider\\\":{\\\"id\\\":\\\"8f24916a-cf31-4b04-a2e3-95d4d8abaa12\\\",\\\"providerName\\\":\\\"Apple\\\"},\\\"category\\\":{\\\"id\\\":\\\"3f9d74d0-14c9-44d7-80b7-cd2d41104970\\\",\\\"categoryName\\\":\\\"Phụ kiện\\\",\\\"image\\\":\\\"https://res.cloudinary.com/dkkh1gtoj/image/upload/v1697898562/viettaiit-ecommerce/categories/cpsrvtubjnycg8ek0dd0.png\\\"}},{\\\"id\\\":\\\"73e5047a-3725-4316-9e82-f5c7d9a57e4d\\\",\\\"name\\\":\\\"Bộ Cốc + Cáp sạc Baseus 25W Type-C\\\",\\\"image\\\":\\\"https://res.cloudinary.com/dkkh1gtoj/image/upload/v1698044676/viettaiit-ecommerce/products/mgkibvv3m9jfdbeflvbp.jpg\\\",\\\"slug\\\":\\\"bo-coc-cap-sac-baseus-25w-type-c\\\",\\\"description\\\":\\\"Được hỗ trợ 1 đổi 1 trong 7 ngày nếu có lỗi từ nhà sản xuất\\\",\\\"discount\\\":0,\\\"price\\\":350000,\\\"createdAt\\\":\\\"2023-10-23T07:06:08.000Z\\\",\\\"updatedAt\\\":\\\"2023-10-23T07:06:08.000Z\\\",\\\"categoryId\\\":\\\"3f9d74d0-14c9-44d7-80b7-cd2d41104970\\\",\\\"providerId\\\":\\\"8f24916a-cf31-4b04-a2e3-95d4d8abaa12\\\",\\\"provider\\\":{\\\"id\\\":\\\"8f24916a-cf31-4b04-a2e3-95d4d8abaa12\\\",\\\"providerName\\\":\\\"Apple\\\"},\\\"category\\\":{\\\"id\\\":\\\"3f9d74d0-14c9-44d7-80b7-cd2d41104970\\\",\\\"categoryName\\\":\\\"Phụ kiện\\\",\\\"image\\\":\\\"https://res.cloudinary.com/dkkh1gtoj/image/upload/v1697898562/viettaiit-ecommerce/categories/cpsrvtubjnycg8ek0dd0.png\\\"}},{\\\"id\\\":\\\"7e111ad1-78d6-4ab6-9bb6-fe28dabd65d6\\\",\\\"name\\\":\\\"Tai nghe Apple Earpods Lightning Chính Hãng MMTN2ZA\\\",\\\"image\\\":\\\"https://res.cloudinary.com/dkkh1gtoj/image/upload/v1698044576/viettaiit-ecommerce/products/qihl2sxqkxp6bnuf2fiz.jpg\\\",\\\"slug\\\":\\\"tai-nghe-apple-earpods-lightning-chinh-hang-mmtn2za\\\",\\\"description\\\":\\\"Được hỗ trợ 1 đổi 1 trong 7 ngày nếu có lỗi từ nhà sản xuất\\\",\\\"discount\\\":0,\\\"price\\\":890000,\\\"createdAt\\\":\\\"2023-10-23T07:04:27.000Z\\\",\\\"updatedAt\\\":\\\"2023-10-23T07:04:27.000Z\\\",\\\"categoryId\\\":\\\"b39ea7b2-cc38-4dd4-89f4-6c738903b3e0\\\",\\\"providerId\\\":\\\"8f24916a-cf31-4b04-a2e3-95d4d8abaa12\\\",\\\"provider\\\":{\\\"id\\\":\\\"8f24916a-cf31-4b04-a2e3-95d4d8abaa12\\\",\\\"providerName\\\":\\\"Apple\\\"},\\\"category\\\":{\\\"id\\\":\\\"b39ea7b2-cc38-4dd4-89f4-6c738903b3e0\\\",\\\"categoryName\\\":\\\"Âm thanh\\\",\\\"image\\\":\\\"https://res.cloudinary.com/dkkh1gtoj/image/upload/v1697898562/viettaiit-ecommerce/categories/jqh2ucdo1lga8qxn0b7a.png\\\"}},{\\\"id\\\":\\\"ba70e636-2a66-402e-bec6-d50e50763976\\\",\\\"name\\\":\\\"iPad 10.2 512GB 5G - Chính hãng VN\\\",\\\"image\\\":\\\"https://res.cloudinary.com/dkkh1gtoj/image/upload/v1698046173/viettaiit-ecommerce/products/n16swgulttlew5dzdyvj.jpg\\\",\\\"slug\\\":\\\"ipad-102-512gb-5g-chinh-hang-vn\\\",\\\"description\\\":\\\"Được hỗ trợ 1 đổi 1 trong 30 ngày nếu có lỗi từ nhà sản xuất\\\",\\\"discount\\\":0,\\\"price\\\":1900000,\\\"createdAt\\\":\\\"2023-10-23T07:31:05.000Z\\\",\\\"updatedAt\\\":\\\"2023-10-23T07:31:05.000Z\\\",\\\"categoryId\\\":\\\"5102c8b2-1dd5-481a-96e7-d61250f2ea05\\\",\\\"providerId\\\":\\\"8f24916a-cf31-4b04-a2e3-95d4d8abaa12\\\",\\\"provider\\\":{\\\"id\\\":\\\"8f24916a-cf31-4b04-a2e3-95d4d8abaa12\\\",\\\"providerName\\\":\\\"Apple\\\"},\\\"category\\\":{\\\"id\\\":\\\"5102c8b2-1dd5-481a-96e7-d61250f2ea05\\\",\\\"categoryName\\\":\\\"IPad\\\",\\\"image\\\":\\\"https://res.cloudinary.com/dkkh1gtoj/image/upload/v1698037897/viettaiit-ecommerce/categories/ipad_ff4r3b.webp\\\"}},{\\\"id\\\":\\\"9e460cdb-2d33-4995-8f6a-43d37d81c6d0\\\",\\\"name\\\":\\\"iPhone 11 512GB - Chính hãng VNA\\\",\\\"image\\\":\\\"https://res.cloudinary.com/dkkh1gtoj/image/upload/v1698043439/viettaiit-ecommerce/products/kprugme4flc8vguj4ek2.jpg\\\",\\\"slug\\\":\\\"iphone-11-512gb-chinh-hang-vna\\\",\\\"description\\\":\\\"Được hỗ trợ 1 đổi 1 trong 30 ngày nếu có lỗi từ nhà sản xuất\\\",\\\"discount\\\":1,\\\"price\\\":10000000,\\\"createdAt\\\":\\\"2023-10-23T06:45:31.000Z\\\",\\\"updatedAt\\\":\\\"2023-10-23T06:45:31.000Z\\\",\\\"categoryId\\\":\\\"f47ac10b-58cc-4372-a567-0e02b2c3d479\\\",\\\"providerId\\\":\\\"8f24916a-cf31-4b04-a2e3-95d4d8abaa12\\\",\\\"provider\\\":{\\\"id\\\":\\\"8f24916a-cf31-4b04-a2e3-95d4d8abaa12\\\",\\\"providerName\\\":\\\"Apple\\\"},\\\"category\\\":{\\\"id\\\":\\\"f47ac10b-58cc-4372-a567-0e02b2c3d479\\\",\\\"categoryName\\\":\\\"IPhone\\\",\\\"image\\\":\\\"https://res.cloudinary.com/dkkh1gtoj/image/upload/v1697898562/viettaiit-ecommerce/categories/uxxh2grpyoqognxietg1.png\\\"}},{\\\"id\\\":\\\"b929817a-b2dd-4ef8-8be7-e35c47a893f7\\\",\\\"name\\\":\\\"Apple Watch S3 2022 LTE 44mm - Chính hãng VN/A\\\",\\\"image\\\":\\\"https://res.cloudinary.com/dkkh1gtoj/image/upload/v1698044306/viettaiit-ecommerce/products/s5knbkcrdvpfi0stiqdy.jpg\\\",\\\"slug\\\":\\\"apple-watch-s3-2022-lte-44mm-chinh-hang-vna\\\",\\\"description\\\":\\\"Được hỗ trợ 1 đổi 1 trong 30 ngày nếu có lỗi từ nhà sản xuất\\\",\\\"discount\\\":2,\\\"price\\\":10000000,\\\"createdAt\\\":\\\"2023-10-23T06:59:58.000Z\\\",\\\"updatedAt\\\":\\\"2023-10-23T06:59:58.000Z\\\",\\\"categoryId\\\":\\\"052c5089-4a6c-4d0a-b439-ef4e957df1b8\\\",\\\"providerId\\\":\\\"8f24916a-cf31-4b04-a2e3-95d4d8abaa12\\\",\\\"provider\\\":{\\\"id\\\":\\\"8f24916a-cf31-4b04-a2e3-95d4d8abaa12\\\",\\\"providerName\\\":\\\"Apple\\\"},\\\"category\\\":{\\\"id\\\":\\\"052c5089-4a6c-4d0a-b439-ef4e957df1b8\\\",\\\"categoryName\\\":\\\"Watch\\\",\\\"image\\\":\\\"https://res.cloudinary.com/dkkh1gtoj/image/upload/v1697898562/viettaiit-ecommerce/categories/xuabv3c3cowy0gbxguv0.png\\\"}},{\\\"id\\\":\\\"0ec874f2-532a-43f5-9272-040c3dff6301\\\",\\\"name\\\":\\\"iPad Mini 5 512GB 5G - Chính hãng VN\\\",\\\"image\\\":\\\"https://res.cloudinary.com/dkkh1gtoj/image/upload/v1698046131/viettaiit-ecommerce/products/tstba5ux0xinmnc7oasj.jpg\\\",\\\"slug\\\":\\\"ipad-mini-5-512gb-5g-chinh-hang-vn\\\",\\\"description\\\":\\\"Được hỗ trợ 1 đổi 1 trong 30 ngày nếu có lỗi từ nhà sản xuất\\\",\\\"discount\\\":12,\\\"price\\\":12000000,\\\"createdAt\\\":\\\"2023-10-23T07:30:23.000Z\\\",\\\"updatedAt\\\":\\\"2023-10-23T07:30:23.000Z\\\",\\\"categoryId\\\":\\\"5102c8b2-1dd5-481a-96e7-d61250f2ea05\\\",\\\"providerId\\\":\\\"8f24916a-cf31-4b04-a2e3-95d4d8abaa12\\\",\\\"provider\\\":{\\\"id\\\":\\\"8f24916a-cf31-4b04-a2e3-95d4d8abaa12\\\",\\\"providerName\\\":\\\"Apple\\\"},\\\"category\\\":{\\\"id\\\":\\\"5102c8b2-1dd5-481a-96e7-d61250f2ea05\\\",\\\"categoryName\\\":\\\"IPad\\\",\\\"image\\\":\\\"https://res.cloudinary.com/dkkh1gtoj/image/upload/v1698037897/viettaiit-ecommerce/categories/ipad_ff4r3b.webp\\\"}}]}\"','page:1,limit:8,offset:0,sort:price','2023-10-23 11:12:37','2023-10-23 11:12:37');
/*!40000 ALTER TABLE `Caches` ENABLE KEYS */;
UNLOCK TABLES;

--
-- Table structure for table `Categories`
--

DROP TABLE IF EXISTS `Categories`;
/*!40101 SET @saved_cs_client     = @@character_set_client */;
/*!50503 SET character_set_client = utf8mb4 */;
CREATE TABLE `Categories` (
  `id` char(36) CHARACTER SET utf8mb4 COLLATE utf8mb4_bin NOT NULL,
  `categoryName` enum('IPhone','IPad','Mac','Watch','Âm thanh','Phụ kiện') CHARACTER SET utf8mb4 COLLATE utf8mb4_unicode_ci NOT NULL,
  `image` varchar(255) CHARACTER SET utf8mb4 COLLATE utf8mb4_unicode_ci NOT NULL,
  `createdAt` datetime DEFAULT NULL,
  `updatedAt` datetime DEFAULT NULL,
  PRIMARY KEY (`id`),
  UNIQUE KEY `categoryName` (`categoryName`)
) ENGINE=InnoDB DEFAULT CHARSET=utf8mb4 COLLATE=utf8mb4_unicode_ci;
/*!40101 SET character_set_client = @saved_cs_client */;

--
-- Dumping data for table `Categories`
--

LOCK TABLES `Categories` WRITE;
/*!40000 ALTER TABLE `Categories` DISABLE KEYS */;
INSERT INTO `Categories` VALUES ('052c5089-4a6c-4d0a-b439-ef4e957df1b8','Watch','https://res.cloudinary.com/dkkh1gtoj/image/upload/v1697898562/viettaiit-ecommerce/categories/xuabv3c3cowy0gbxguv0.png',NULL,NULL),('3f9d74d0-14c9-44d7-80b7-cd2d41104970','Phụ kiện','https://res.cloudinary.com/dkkh1gtoj/image/upload/v1697898562/viettaiit-ecommerce/categories/cpsrvtubjnycg8ek0dd0.png',NULL,NULL),('4dfe0b0c-eece-477e-aa19-2c15b51d1faa','Mac','https://res.cloudinary.com/dkkh1gtoj/image/upload/v1697898562/viettaiit-ecommerce/categories/yuh4hmscqk75nqod6dkr.png',NULL,NULL),('5102c8b2-1dd5-481a-96e7-d61250f2ea05','IPad','https://res.cloudinary.com/dkkh1gtoj/image/upload/v1698037897/viettaiit-ecommerce/categories/ipad_ff4r3b.webp',NULL,NULL),('b39ea7b2-cc38-4dd4-89f4-6c738903b3e0','Âm thanh','https://res.cloudinary.com/dkkh1gtoj/image/upload/v1697898562/viettaiit-ecommerce/categories/jqh2ucdo1lga8qxn0b7a.png',NULL,NULL),('f47ac10b-58cc-4372-a567-0e02b2c3d479','IPhone','https://res.cloudinary.com/dkkh1gtoj/image/upload/v1697898562/viettaiit-ecommerce/categories/uxxh2grpyoqognxietg1.png',NULL,NULL);
/*!40000 ALTER TABLE `Categories` ENABLE KEYS */;
UNLOCK TABLES;

--
-- Table structure for table `Colors`
--

DROP TABLE IF EXISTS `Colors`;
/*!40101 SET @saved_cs_client     = @@character_set_client */;
/*!50503 SET character_set_client = utf8mb4 */;
CREATE TABLE `Colors` (
  `id` char(36) CHARACTER SET utf8mb4 COLLATE utf8mb4_bin NOT NULL,
  `value` varchar(255) CHARACTER SET utf8mb4 COLLATE utf8mb4_unicode_ci NOT NULL,
  `createdAt` datetime DEFAULT NULL,
  `updatedAt` datetime DEFAULT NULL,
  PRIMARY KEY (`id`),
  UNIQUE KEY `value` (`value`)
) ENGINE=InnoDB DEFAULT CHARSET=utf8mb4 COLLATE=utf8mb4_unicode_ci;
/*!40101 SET character_set_client = @saved_cs_client */;

--
-- Dumping data for table `Colors`
--

LOCK TABLES `Colors` WRITE;
/*!40000 ALTER TABLE `Colors` DISABLE KEYS */;
INSERT INTO `Colors` VALUES ('05b2565a-9d53-4f90-9702-90f9a46e6976','pink',NULL,NULL),('3cb6fb7e-2b04-4413-87ca-82450edf64bf','orange',NULL,NULL),('43c71907-5a92-4a64-b08b-f05073e93df4','white',NULL,NULL),('6620d40e-35a5-4214-8bba-ed225c29ff1b','yellow',NULL,NULL),('6d6135af-2423-48b0-a572-dce7306fb1c3','gray',NULL,NULL),('7c81009d-8081-4a7e-b668-6284d90bb9b6','red',NULL,NULL),('922b2665-dc8b-4673-ae62-35a0678c817b','violet',NULL,NULL),('aafe6a22-2a6f-4929-a61c-f8dfe4109ca8','black',NULL,NULL);
/*!40000 ALTER TABLE `Colors` ENABLE KEYS */;
UNLOCK TABLES;

--
-- Table structure for table `OrderLines`
--

DROP TABLE IF EXISTS `OrderLines`;
/*!40101 SET @saved_cs_client     = @@character_set_client */;
/*!50503 SET character_set_client = utf8mb4 */;
CREATE TABLE `OrderLines` (
  `id` char(36) CHARACTER SET utf8mb4 COLLATE utf8mb4_bin NOT NULL,
  `qty` int NOT NULL,
  `price` int NOT NULL,
  `productItemId` char(36) CHARACTER SET utf8mb4 COLLATE utf8mb4_bin NOT NULL,
  `shopOrderId` char(36) CHARACTER SET utf8mb4 COLLATE utf8mb4_bin NOT NULL,
  `createdAt` datetime DEFAULT NULL,
  `updatedAt` datetime DEFAULT NULL,
  PRIMARY KEY (`id`),
  UNIQUE KEY `unique_tag` (`productItemId`,`shopOrderId`),
  KEY `shopOrderId` (`shopOrderId`),
  CONSTRAINT `orderlines_ibfk_1` FOREIGN KEY (`productItemId`) REFERENCES `productItems` (`id`) ON DELETE CASCADE ON UPDATE CASCADE,
  CONSTRAINT `orderlines_ibfk_2` FOREIGN KEY (`shopOrderId`) REFERENCES `shopOrders` (`id`) ON DELETE CASCADE ON UPDATE CASCADE
) ENGINE=InnoDB DEFAULT CHARSET=utf8mb4 COLLATE=utf8mb4_unicode_ci;
/*!40101 SET character_set_client = @saved_cs_client */;

--
-- Dumping data for table `OrderLines`
--

LOCK TABLES `OrderLines` WRITE;
/*!40000 ALTER TABLE `OrderLines` DISABLE KEYS */;
/*!40000 ALTER TABLE `OrderLines` ENABLE KEYS */;
UNLOCK TABLES;

--
-- Table structure for table `OrderStatuses`
--

DROP TABLE IF EXISTS `OrderStatuses`;
/*!40101 SET @saved_cs_client     = @@character_set_client */;
/*!50503 SET character_set_client = utf8mb4 */;
CREATE TABLE `OrderStatuses` (
  `id` char(36) CHARACTER SET utf8mb4 COLLATE utf8mb4_bin NOT NULL,
  `status` enum('pending','processing','completed') CHARACTER SET utf8mb4 COLLATE utf8mb4_unicode_ci DEFAULT 'pending',
  `createdAt` datetime DEFAULT NULL,
  `updatedAt` datetime DEFAULT NULL,
  PRIMARY KEY (`id`)
) ENGINE=InnoDB DEFAULT CHARSET=utf8mb4 COLLATE=utf8mb4_unicode_ci;
/*!40101 SET character_set_client = @saved_cs_client */;

--
-- Dumping data for table `OrderStatuses`
--

LOCK TABLES `OrderStatuses` WRITE;
/*!40000 ALTER TABLE `OrderStatuses` DISABLE KEYS */;
/*!40000 ALTER TABLE `OrderStatuses` ENABLE KEYS */;
UNLOCK TABLES;

--
-- Table structure for table `ProductItems`
--

DROP TABLE IF EXISTS `ProductItems`;
/*!40101 SET @saved_cs_client     = @@character_set_client */;
/*!50503 SET character_set_client = utf8mb4 */;
CREATE TABLE `ProductItems` (
  `id` char(36) CHARACTER SET utf8mb4 COLLATE utf8mb4_bin NOT NULL,
  `qtyInStock` int NOT NULL,
  `isSpecial` tinyint(1) DEFAULT '0',
  `image` varchar(255) CHARACTER SET utf8mb4 COLLATE utf8mb4_unicode_ci NOT NULL,
  `colorId` char(36) CHARACTER SET utf8mb4 COLLATE utf8mb4_bin NOT NULL,
  `productId` char(36) CHARACTER SET utf8mb4 COLLATE utf8mb4_bin NOT NULL,
  `createdAt` datetime DEFAULT NULL,
  `updatedAt` datetime DEFAULT NULL,
  PRIMARY KEY (`id`),
  UNIQUE KEY `unique_tag` (`colorId`,`productId`),
  KEY `productId` (`productId`),
  CONSTRAINT `productitems_ibfk_1` FOREIGN KEY (`colorId`) REFERENCES `colors` (`id`) ON DELETE CASCADE ON UPDATE CASCADE,
  CONSTRAINT `productitems_ibfk_2` FOREIGN KEY (`productId`) REFERENCES `products` (`id`) ON DELETE CASCADE ON UPDATE CASCADE
) ENGINE=InnoDB DEFAULT CHARSET=utf8mb4 COLLATE=utf8mb4_unicode_ci;
/*!40101 SET character_set_client = @saved_cs_client */;

--
-- Dumping data for table `ProductItems`
--

LOCK TABLES `ProductItems` WRITE;
/*!40000 ALTER TABLE `ProductItems` DISABLE KEYS */;
INSERT INTO `ProductItems` VALUES ('09ecc868-55ff-4c5a-90e6-160cb9e15292',3121,0,'https://res.cloudinary.com/dkkh1gtoj/image/upload/v1698043397/viettaiit-ecommerce/products/wnhmgpz4fyvagqd234gx.jpg','922b2665-dc8b-4673-ae62-35a0678c817b','d4b7fc10-da2e-4f5f-ab9d-55f4b097baaf','2023-10-23 06:44:49','2023-10-23 06:44:49'),('12b2d72b-d594-40b8-9bee-16918fbed08b',12,0,'https://res.cloudinary.com/dkkh1gtoj/image/upload/v1698043874/viettaiit-ecommerce/products/hd1o4rzhvhn0kpuuvvsp.jpg','922b2665-dc8b-4673-ae62-35a0678c817b','bb40b3d0-f8ef-4eb7-88b0-3339979a405a','2023-10-23 06:52:46','2023-10-23 06:52:46'),('172c2100-8ecd-4abd-9580-3743ccc09cd5',12,0,'https://res.cloudinary.com/dkkh1gtoj/image/upload/v1698043397/viettaiit-ecommerce/products/h3omdoae19otbxe1bdyl.jpg','3cb6fb7e-2b04-4413-87ca-82450edf64bf','d4b7fc10-da2e-4f5f-ab9d-55f4b097baaf','2023-10-23 06:44:49','2023-10-23 06:44:49'),('1c6d0ff4-5b86-4c14-9239-0217aefb02f1',123,0,'https://res.cloudinary.com/dkkh1gtoj/image/upload/v1698044020/viettaiit-ecommerce/products/uiljsmoagv7hqc6tdoq5.jpg','922b2665-dc8b-4673-ae62-35a0678c817b','73902510-5761-4d27-8847-ef0c81bc9e94','2023-10-23 06:55:12','2023-10-23 06:55:12'),('1cd7a50d-579f-4745-ba5b-56af9f5bff4b',123,0,'https://res.cloudinary.com/dkkh1gtoj/image/upload/v1698044306/viettaiit-ecommerce/products/s5knbkcrdvpfi0stiqdy.jpg','43c71907-5a92-4a64-b08b-f05073e93df4','b929817a-b2dd-4ef8-8be7-e35c47a893f7','2023-10-23 06:59:58','2023-10-23 06:59:58'),('207b5b6e-9d6c-4ed6-a46f-4a4be142537b',12,0,'https://res.cloudinary.com/dkkh1gtoj/image/upload/v1698043928/viettaiit-ecommerce/products/xyh0q2eylyt5abnskl4v.jpg','3cb6fb7e-2b04-4413-87ca-82450edf64bf','78b09bbe-4dee-408d-99b0-bba85b8c8ac5','2023-10-23 06:53:40','2023-10-23 06:53:40'),('25a3cab4-b0a6-432d-84bb-bc48ad1fa84e',321,1,'https://res.cloudinary.com/dkkh1gtoj/image/upload/v1698046050/viettaiit-ecommerce/products/w61y7dt5t9oivoqheeac.jpg','7c81009d-8081-4a7e-b668-6284d90bb9b6','7fef891d-05d2-43b1-8af6-e7e28519fbf3','2023-10-23 07:29:02','2023-10-23 07:29:02'),('3251c1e0-43aa-4df9-a657-c325deeb3081',122,0,'https://res.cloudinary.com/dkkh1gtoj/image/upload/v1698044275/viettaiit-ecommerce/products/gmuddp30yqigcqcqkvw9.jpg','6620d40e-35a5-4214-8bba-ed225c29ff1b','93394df3-30c1-4b97-abc0-8ad69cf9909d','2023-10-23 06:59:27','2023-10-23 06:59:27'),('385a9902-27a6-43e8-a3ba-07b49ba7a886',12,0,'https://res.cloudinary.com/dkkh1gtoj/image/upload/v1698043166/viettaiit-ecommerce/products/czvuktxxqpbwhztqvdfj.jpg','7c81009d-8081-4a7e-b668-6284d90bb9b6','516d7068-03c7-45b9-8fa6-e1969322d3a9','2023-10-23 06:40:58','2023-10-23 06:40:58'),('3d01c1a5-13a4-422f-980e-59d14db73b32',132,0,'https://res.cloudinary.com/dkkh1gtoj/image/upload/v1698044306/viettaiit-ecommerce/products/egyqxiqnxcpwpnvigvgn.jpg','6620d40e-35a5-4214-8bba-ed225c29ff1b','b929817a-b2dd-4ef8-8be7-e35c47a893f7','2023-10-23 06:59:58','2023-10-23 06:59:58'),('3e173b16-3444-4d2f-9b3c-e505cab008e9',32,0,'https://res.cloudinary.com/dkkh1gtoj/image/upload/v1698043397/viettaiit-ecommerce/products/njagat3mqmihedtlnje2.jpg','7c81009d-8081-4a7e-b668-6284d90bb9b6','d4b7fc10-da2e-4f5f-ab9d-55f4b097baaf','2023-10-23 06:44:49','2023-10-23 06:44:49'),('422e6f72-587b-456b-9c30-09b5406869c7',123,0,'https://res.cloudinary.com/dkkh1gtoj/image/upload/v1698046131/viettaiit-ecommerce/products/tstba5ux0xinmnc7oasj.jpg','aafe6a22-2a6f-4929-a61c-f8dfe4109ca8','0ec874f2-532a-43f5-9272-040c3dff6301','2023-10-23 07:30:23','2023-10-23 07:30:23'),('55162c64-5c6e-475a-9863-f0fc230f59f3',123,1,'https://res.cloudinary.com/dkkh1gtoj/image/upload/v1698043331/viettaiit-ecommerce/products/w1buwdnrpcjcwboxhjsm.jpg','7c81009d-8081-4a7e-b668-6284d90bb9b6','82bfed84-1ed9-466f-905c-5dfa587c3e54','2023-10-23 06:43:43','2023-10-23 06:43:43'),('56bae08e-4f94-4e82-bbcc-8d2df3a29f28',32,1,'https://res.cloudinary.com/dkkh1gtoj/image/upload/v1698044276/viettaiit-ecommerce/products/d5icrdi1ogfdzpsrkzdm.jpg','6d6135af-2423-48b0-a572-dce7306fb1c3','93394df3-30c1-4b97-abc0-8ad69cf9909d','2023-10-23 06:59:27','2023-10-23 06:59:27'),('603445d2-e16b-4c65-8ad3-bb0d51a613f1',12,0,'https://res.cloudinary.com/dkkh1gtoj/image/upload/v1698043439/viettaiit-ecommerce/products/kprugme4flc8vguj4ek2.jpg','aafe6a22-2a6f-4929-a61c-f8dfe4109ca8','9e460cdb-2d33-4995-8f6a-43d37d81c6d0','2023-10-23 06:45:31','2023-10-23 06:45:31'),('60424b29-cd28-46a7-b90f-7e7aef9363fb',12,0,'https://res.cloudinary.com/dkkh1gtoj/image/upload/v1698043720/viettaiit-ecommerce/products/y5oupgta3kyjkm7iihzb.jpg','7c81009d-8081-4a7e-b668-6284d90bb9b6','40d53b02-37ec-406c-9500-21f8f2a2b0c4','2023-10-23 06:50:12','2023-10-23 06:50:12'),('644bd068-7040-4048-8a42-030e8e46dcb8',322,0,'https://res.cloudinary.com/dkkh1gtoj/image/upload/v1698043928/viettaiit-ecommerce/products/ljv2aul5cgtporqc5tak.jpg','6d6135af-2423-48b0-a572-dce7306fb1c3','78b09bbe-4dee-408d-99b0-bba85b8c8ac5','2023-10-23 06:53:40','2023-10-23 06:53:40'),('6a7366ec-8590-4714-b9aa-094dccdae761',32,0,'https://res.cloudinary.com/dkkh1gtoj/image/upload/v1698043167/viettaiit-ecommerce/products/di33efqf14ycqhnaj88q.jpg','3cb6fb7e-2b04-4413-87ca-82450edf64bf','516d7068-03c7-45b9-8fa6-e1969322d3a9','2023-10-23 06:40:58','2023-10-23 06:40:58'),('725e3e6c-b26b-4d35-a5d6-055020d6c2ac',12,0,'https://res.cloudinary.com/dkkh1gtoj/image/upload/v1698044214/viettaiit-ecommerce/products/ct8us8eplfhzdg20ueme.jpg','aafe6a22-2a6f-4929-a61c-f8dfe4109ca8','c78609fe-09fe-4c4f-8be6-7ba89c309dc4','2023-10-23 06:58:26','2023-10-23 06:58:26'),('74c6ac72-6edc-4858-b769-1b990f353209',123,1,'https://res.cloudinary.com/dkkh1gtoj/image/upload/v1698044362/viettaiit-ecommerce/products/gnr1ldapd9l6ufy6gdh6.jpg','6d6135af-2423-48b0-a572-dce7306fb1c3','359b3c98-b1ad-4baa-b490-50f868a94e7b','2023-10-23 07:00:54','2023-10-23 07:00:54'),('752afcec-e80c-4431-a56c-9b3eea59f0c4',32,0,'https://res.cloudinary.com/dkkh1gtoj/image/upload/v1698043531/viettaiit-ecommerce/products/dhtubugwgmdgppdeihkz.jpg','3cb6fb7e-2b04-4413-87ca-82450edf64bf','ff4b52f7-f238-437a-a7eb-8afb902352e4','2023-10-23 06:47:03','2023-10-23 06:47:03'),('8595bdfe-21ea-4f32-882c-baefc618a383',321,0,'https://res.cloudinary.com/dkkh1gtoj/image/upload/v1698045767/viettaiit-ecommerce/products/5_qnr84q.webp','6620d40e-35a5-4214-8bba-ed225c29ff1b','bb40b3d0-f8ef-4eb7-88b0-3339979a405a','2023-10-23 06:52:46','2023-10-23 06:52:46'),('8880d092-406a-45f8-a5f8-3eae826bb6c2',321,1,'https://res.cloudinary.com/dkkh1gtoj/image/upload/v1698043229/viettaiit-ecommerce/products/zxruql6blujgepmzwbhd.jpg','922b2665-dc8b-4673-ae62-35a0678c817b','d3b1d4d9-0e26-4b0a-b863-a615bfe7e6be','2023-10-23 06:42:01','2023-10-23 06:42:01'),('92ca909e-85f3-4f64-ad95-d0543662cc80',322,1,'https://res.cloudinary.com/dkkh1gtoj/image/upload/v1698043874/viettaiit-ecommerce/products/ikrdeexjsbxderiz9grk.jpg','6d6135af-2423-48b0-a572-dce7306fb1c3','bb40b3d0-f8ef-4eb7-88b0-3339979a405a','2023-10-23 06:52:46','2023-10-23 06:52:46'),('9b6c8b38-a863-450d-9a68-0d423eba6618',32,1,'https://res.cloudinary.com/dkkh1gtoj/image/upload/v1698043985/viettaiit-ecommerce/products/fa8ctg2zlimnzxpgfrgx.jpg','6620d40e-35a5-4214-8bba-ed225c29ff1b','bf4b9825-39ac-4e72-a45d-f143464ca1bd','2023-10-23 06:54:37','2023-10-23 06:54:37'),('9c1e0f63-8f36-45cc-8150-17dc0256b405',12,0,'https://res.cloudinary.com/dkkh1gtoj/image/upload/v1698044716/viettaiit-ecommerce/products/qssx5doleropdkgd0sbr.jpg','aafe6a22-2a6f-4929-a61c-f8dfe4109ca8','a6f45381-90af-49ce-811d-17a4909d388e','2023-10-23 07:06:47','2023-10-23 07:06:47'),('9c81677f-c778-42e6-b4c4-a9fa1d3c4d2a',32,0,'https://res.cloudinary.com/dkkh1gtoj/image/upload/v1698043636/viettaiit-ecommerce/products/hc626ehjmuq92hghtdav.jpg','aafe6a22-2a6f-4929-a61c-f8dfe4109ca8','6e00e2cc-aa40-415a-bd74-bf4be9e1f07e','2023-10-23 06:48:48','2023-10-23 06:48:48'),('9dbb2308-81a7-4607-92ae-c97410b338aa',321,0,'https://res.cloudinary.com/dkkh1gtoj/image/upload/v1698044214/viettaiit-ecommerce/products/p5x74ctvmr6vrwz23ra4.jpg','6620d40e-35a5-4214-8bba-ed225c29ff1b','c78609fe-09fe-4c4f-8be6-7ba89c309dc4','2023-10-23 06:58:26','2023-10-23 06:58:26'),('a2f1d318-f6f1-4924-9eab-5499946f0c0f',321,0,'https://res.cloudinary.com/dkkh1gtoj/image/upload/v1698044394/viettaiit-ecommerce/products/hkunzihimmxyvs60xpyx.jpg','43c71907-5a92-4a64-b08b-f05073e93df4','716bb738-3faa-4779-8065-67f200850004','2023-10-23 07:01:27','2023-10-23 07:01:27'),('a43f41b3-2fa8-4f59-922d-8e6121bd98a8',123,0,'https://res.cloudinary.com/dkkh1gtoj/image/upload/v1698044676/viettaiit-ecommerce/products/mgkibvv3m9jfdbeflvbp.jpg','aafe6a22-2a6f-4929-a61c-f8dfe4109ca8','73e5047a-3725-4316-9e82-f5c7d9a57e4d','2023-10-23 07:06:08','2023-10-23 07:06:08'),('ae7d0891-b5d0-49a7-b56a-f8ee88c89190',32,0,'https://res.cloudinary.com/dkkh1gtoj/image/upload/v1698043600/viettaiit-ecommerce/products/v6ihbnt0dzlkt1fla4bl.jpg','3cb6fb7e-2b04-4413-87ca-82450edf64bf','86d0c145-a9ad-447a-aa9e-13a0510a4a89','2023-10-23 06:48:12','2023-10-23 06:48:12'),('b0458cfe-9c8c-4c20-af75-a1075dc7e226',12,1,'https://res.cloudinary.com/dkkh1gtoj/image/upload/v1698043397/viettaiit-ecommerce/products/d88shtrkemgundpn0giy.jpg','6620d40e-35a5-4214-8bba-ed225c29ff1b','d4b7fc10-da2e-4f5f-ab9d-55f4b097baaf','2023-10-23 06:44:49','2023-10-23 06:44:49'),('b10bad2c-4e21-4f66-829d-c352493f6756',12,1,'https://res.cloudinary.com/dkkh1gtoj/image/upload/v1698043488/viettaiit-ecommerce/products/iqvyxcmcekg8shbgsbid.jpg','6620d40e-35a5-4214-8bba-ed225c29ff1b','6ff07fad-34c7-4c82-b173-f84044f6f595','2023-10-23 06:46:20','2023-10-23 06:46:20'),('b2a5102b-4627-4267-a324-e646f6b2539d',32,0,'https://res.cloudinary.com/dkkh1gtoj/image/upload/v1698043566/viettaiit-ecommerce/products/sp29gwmtf5nnecb97ltg.jpg','922b2665-dc8b-4673-ae62-35a0678c817b','9fc01723-ee54-4cfc-94a3-88710d33c639','2023-10-23 06:47:38','2023-10-23 06:47:38'),('b38a57a9-34ae-4c17-9440-943a4e220a64',321,1,'https://res.cloudinary.com/dkkh1gtoj/image/upload/v1698043763/viettaiit-ecommerce/products/nnau00ujqpktn7evbevg.jpg','3cb6fb7e-2b04-4413-87ca-82450edf64bf','1d68e97a-5d7e-4dc4-b06e-bb3cda07a25e','2023-10-23 06:50:55','2023-10-23 06:50:55'),('b46b3b78-2aac-4ced-8ab3-d7542486b004',123,0,'https://res.cloudinary.com/dkkh1gtoj/image/upload/v1698043167/viettaiit-ecommerce/products/eo518ypvcy8p8rjcpgt2.jpg','aafe6a22-2a6f-4929-a61c-f8dfe4109ca8','516d7068-03c7-45b9-8fa6-e1969322d3a9','2023-10-23 06:40:58','2023-10-23 06:40:58'),('b4925503-2c31-4ba6-8d51-81aeadcc85cb',31,0,'https://res.cloudinary.com/dkkh1gtoj/image/upload/v1698043331/viettaiit-ecommerce/products/u4mg6kqictzcnhhdvgja.jpg','aafe6a22-2a6f-4929-a61c-f8dfe4109ca8','82bfed84-1ed9-466f-905c-5dfa587c3e54','2023-10-23 06:43:43','2023-10-23 06:43:43'),('b56b30a4-9cf1-495b-a3ee-c9dbbf328e88',12,0,'https://res.cloudinary.com/dkkh1gtoj/image/upload/v1698043763/viettaiit-ecommerce/products/fixxifvkier8htwrehfb.jpg','922b2665-dc8b-4673-ae62-35a0678c817b','1d68e97a-5d7e-4dc4-b06e-bb3cda07a25e','2023-10-23 06:50:55','2023-10-23 06:50:55'),('b59edb46-f8a3-476c-bc14-145c652de80c',12,0,'https://res.cloudinary.com/dkkh1gtoj/image/upload/v1698044844/viettaiit-ecommerce/products/jkqgmrbwoyxlnqccxdy1.jpg','6d6135af-2423-48b0-a572-dce7306fb1c3','8bf8a508-fe23-416f-88cb-b9e61f8cce86','2023-10-23 07:08:56','2023-10-23 07:08:56'),('bbb8fd49-d41f-47cf-9b72-f0e0a13efc91',123,1,'https://res.cloudinary.com/dkkh1gtoj/image/upload/v1698046173/viettaiit-ecommerce/products/n16swgulttlew5dzdyvj.jpg','6620d40e-35a5-4214-8bba-ed225c29ff1b','ba70e636-2a66-402e-bec6-d50e50763976','2023-10-23 07:31:05','2023-10-23 07:31:05'),('bc1c59a6-3e76-48bb-8335-361c9fd3afaf',123,0,'https://res.cloudinary.com/dkkh1gtoj/image/upload/v1698044275/viettaiit-ecommerce/products/g3ffpnjs1jl6aqrztq09.jpg','3cb6fb7e-2b04-4413-87ca-82450edf64bf','93394df3-30c1-4b97-abc0-8ad69cf9909d','2023-10-23 06:59:27','2023-10-23 06:59:27'),('bd0215b7-de09-4687-81b3-d1fd647099a0',32,0,'https://res.cloudinary.com/dkkh1gtoj/image/upload/v1698044339/viettaiit-ecommerce/products/txzlnuyxvah0zdapnkbj.jpg','aafe6a22-2a6f-4929-a61c-f8dfe4109ca8','d2682d25-17c2-4d9c-ae47-2cab05d3fee5','2023-10-23 07:00:31','2023-10-23 07:00:31'),('bfec3f29-b5d0-49e9-ba05-b0f060749c64',12,1,'https://res.cloudinary.com/dkkh1gtoj/image/upload/v1698044214/viettaiit-ecommerce/products/es9rbcoesag8kv4q7axa.jpg','43c71907-5a92-4a64-b08b-f05073e93df4','c78609fe-09fe-4c4f-8be6-7ba89c309dc4','2023-10-23 06:58:26','2023-10-23 06:58:26'),('c0a72c07-670c-4dcf-8b1b-97f03ae77248',123,1,'https://res.cloudinary.com/dkkh1gtoj/image/upload/v1698043167/viettaiit-ecommerce/products/zbjzaezcbvtp4e2vkaa3.jpg','6d6135af-2423-48b0-a572-dce7306fb1c3','516d7068-03c7-45b9-8fa6-e1969322d3a9','2023-10-23 06:40:58','2023-10-23 06:40:58'),('c1d3d0fd-4640-43eb-8a47-8707719ef4c9',123,0,'https://res.cloudinary.com/dkkh1gtoj/image/upload/v1698043531/viettaiit-ecommerce/products/x0t5klsijtgwez3y8yne.jpg','aafe6a22-2a6f-4929-a61c-f8dfe4109ca8','ff4b52f7-f238-437a-a7eb-8afb902352e4','2023-10-23 06:47:03','2023-10-23 06:47:03'),('c29f7659-fab7-4e03-93f4-1e1135cac425',312,1,'https://res.cloudinary.com/dkkh1gtoj/image/upload/v1698044339/viettaiit-ecommerce/products/fjm6plp8g1q3x9nyrzp3.jpg','43c71907-5a92-4a64-b08b-f05073e93df4','d2682d25-17c2-4d9c-ae47-2cab05d3fee5','2023-10-23 07:00:31','2023-10-23 07:00:31'),('cf7cdfd6-be4a-45bd-8a0f-6686931cc8c8',321,0,'https://res.cloudinary.com/dkkh1gtoj/image/upload/v1698046050/viettaiit-ecommerce/products/bsmkrcnfjigl633qwcmg.jpg','aafe6a22-2a6f-4929-a61c-f8dfe4109ca8','7fef891d-05d2-43b1-8af6-e7e28519fbf3','2023-10-23 07:29:02','2023-10-23 07:29:02'),('cfeb94ee-d120-4f2d-a96a-f6ddeb09b557',123,1,'https://res.cloudinary.com/dkkh1gtoj/image/upload/v1698046131/viettaiit-ecommerce/products/jm37kqxfdtypzwazfavh.jpg','7c81009d-8081-4a7e-b668-6284d90bb9b6','0ec874f2-532a-43f5-9272-040c3dff6301','2023-10-23 07:30:23','2023-10-23 07:30:23'),('d7042b5a-d5d1-4883-b51f-41c86f8f82f4',21,0,'https://res.cloudinary.com/dkkh1gtoj/image/upload/v1698045767/viettaiit-ecommerce/products/5_qnr84q.webp','6620d40e-35a5-4214-8bba-ed225c29ff1b','73902510-5761-4d27-8847-ef0c81bc9e94','2023-10-23 06:55:12','2023-10-23 06:55:12'),('d807713a-0797-4550-b0c1-b59c54f40a25',32,1,'https://res.cloudinary.com/dkkh1gtoj/image/upload/v1698043167/viettaiit-ecommerce/products/vu9nrnjxgistbwc6zu4i.jpg','922b2665-dc8b-4673-ae62-35a0678c817b','516d7068-03c7-45b9-8fa6-e1969322d3a9','2023-10-23 06:40:58','2023-10-23 06:40:58'),('db476573-3caf-4ed2-b6a9-c95884cbad18',12,0,'https://res.cloudinary.com/dkkh1gtoj/image/upload/v1698043331/viettaiit-ecommerce/products/valtft428nakt84ymp05.jpg','3cb6fb7e-2b04-4413-87ca-82450edf64bf','82bfed84-1ed9-466f-905c-5dfa587c3e54','2023-10-23 06:43:43','2023-10-23 06:43:43'),('e070f347-94e3-42ee-b15a-a4dbb3560d7e',21,0,'https://res.cloudinary.com/dkkh1gtoj/image/upload/v1698044395/viettaiit-ecommerce/products/xazjc4zdex8snq4vknbd.jpg','6620d40e-35a5-4214-8bba-ed225c29ff1b','716bb738-3faa-4779-8065-67f200850004','2023-10-23 07:01:27','2023-10-23 07:01:27'),('eb5b68de-ff4e-46cc-81d6-020b99aca811',321,0,'https://res.cloudinary.com/dkkh1gtoj/image/upload/v1698043928/viettaiit-ecommerce/products/tzvrukm08l4tnpd7u7l2.jpg','7c81009d-8081-4a7e-b668-6284d90bb9b6','78b09bbe-4dee-408d-99b0-bba85b8c8ac5','2023-10-23 06:53:40','2023-10-23 06:53:40'),('ee0b31d4-da7b-48aa-890d-006de6108a74',123,1,'https://res.cloudinary.com/dkkh1gtoj/image/upload/v1698046090/viettaiit-ecommerce/products/skfqfh6bnv4tj6ik7pzr.jpg','7c81009d-8081-4a7e-b668-6284d90bb9b6','f66456a5-064e-46f7-bc99-e5c0b83388de','2023-10-23 07:29:42','2023-10-23 07:29:42'),('ef42571c-a364-4afb-9c4d-3672f46a88bc',321,0,'https://res.cloudinary.com/dkkh1gtoj/image/upload/v1698043229/viettaiit-ecommerce/products/x0i88lbq06heykengu8q.jpg','aafe6a22-2a6f-4929-a61c-f8dfe4109ca8','d3b1d4d9-0e26-4b0a-b863-a615bfe7e6be','2023-10-23 06:42:01','2023-10-23 06:42:01'),('f12fd853-2fdd-43ca-abda-dc1f863c9f76',12,0,'https://res.cloudinary.com/dkkh1gtoj/image/upload/v1698043229/viettaiit-ecommerce/products/qsbruz8knlibsjgadlae.jpg','3cb6fb7e-2b04-4413-87ca-82450edf64bf','d3b1d4d9-0e26-4b0a-b863-a615bfe7e6be','2023-10-23 06:42:01','2023-10-23 06:42:01'),('f226e1e7-11ee-41c7-9e54-b178f3241600',123,0,'https://res.cloudinary.com/dkkh1gtoj/image/upload/v1698044576/viettaiit-ecommerce/products/qihl2sxqkxp6bnuf2fiz.jpg','43c71907-5a92-4a64-b08b-f05073e93df4','7e111ad1-78d6-4ab6-9bb6-fe28dabd65d6','2023-10-23 07:04:27','2023-10-23 07:04:27'),('fa666652-906c-4bbf-986e-a5a947c7553c',123,0,'https://res.cloudinary.com/dkkh1gtoj/image/upload/v1698043439/viettaiit-ecommerce/products/rrxjbd5klxzuom1edece.jpg','3cb6fb7e-2b04-4413-87ca-82450edf64bf','9e460cdb-2d33-4995-8f6a-43d37d81c6d0','2023-10-23 06:45:31','2023-10-23 06:45:31'),('fbd22e32-ff7b-402f-8308-3aa2ca391bb3',321,0,'https://res.cloudinary.com/dkkh1gtoj/image/upload/v1698046050/viettaiit-ecommerce/products/d9kugj1434xegi2bml7t.jpg','922b2665-dc8b-4673-ae62-35a0678c817b','7fef891d-05d2-43b1-8af6-e7e28519fbf3','2023-10-23 07:29:02','2023-10-23 07:29:02'),('fef5fdfa-48dd-449e-bbe1-ad6a90a46b4c',321,0,'https://res.cloudinary.com/dkkh1gtoj/image/upload/v1698045767/viettaiit-ecommerce/products/5_qnr84q.webp','6d6135af-2423-48b0-a572-dce7306fb1c3','1d68e97a-5d7e-4dc4-b06e-bb3cda07a25e','2023-10-23 06:50:55','2023-10-23 06:50:55'),('ffc02159-093a-42b1-a706-4fbf3c120aff',1232,1,'https://res.cloudinary.com/dkkh1gtoj/image/upload/v1698043331/viettaiit-ecommerce/products/k5gpsgdketm7syxvhqvs.jpg','6620d40e-35a5-4214-8bba-ed225c29ff1b','82bfed84-1ed9-466f-905c-5dfa587c3e54','2023-10-23 06:43:43','2023-10-23 06:43:43'),('ffe7209f-3a10-4966-8e02-1d800246a0e8',123,0,'https://res.cloudinary.com/dkkh1gtoj/image/upload/v1698043331/viettaiit-ecommerce/products/etxcbygxhoiwrngiyuau.jpg','922b2665-dc8b-4673-ae62-35a0678c817b','82bfed84-1ed9-466f-905c-5dfa587c3e54','2023-10-23 06:43:43','2023-10-23 06:43:43');
/*!40000 ALTER TABLE `ProductItems` ENABLE KEYS */;
UNLOCK TABLES;

--
-- Table structure for table `Products`
--

DROP TABLE IF EXISTS `Products`;
/*!40101 SET @saved_cs_client     = @@character_set_client */;
/*!50503 SET character_set_client = utf8mb4 */;
CREATE TABLE `Products` (
  `id` char(36) CHARACTER SET utf8mb4 COLLATE utf8mb4_bin NOT NULL,
  `name` varchar(255) CHARACTER SET utf8mb4 COLLATE utf8mb4_unicode_ci NOT NULL,
  `image` varchar(255) CHARACTER SET utf8mb4 COLLATE utf8mb4_unicode_ci NOT NULL,
  `slug` varchar(255) CHARACTER SET utf8mb4 COLLATE utf8mb4_unicode_ci NOT NULL,
  `description` varchar(255) CHARACTER SET utf8mb4 COLLATE utf8mb4_unicode_ci DEFAULT NULL,
  `discount` int DEFAULT '0',
  `price` int NOT NULL,
  `categoryId` char(36) CHARACTER SET utf8mb4 COLLATE utf8mb4_bin NOT NULL,
  `providerId` char(36) CHARACTER SET utf8mb4 COLLATE utf8mb4_bin NOT NULL,
  `createdAt` datetime DEFAULT NULL,
  `updatedAt` datetime DEFAULT NULL,
  PRIMARY KEY (`id`),
  UNIQUE KEY `unique_tag` (`name`,`slug`,`categoryId`,`providerId`),
  KEY `categoryId` (`categoryId`),
  KEY `providerId` (`providerId`),
  CONSTRAINT `products_ibfk_1` FOREIGN KEY (`categoryId`) REFERENCES `categories` (`id`) ON DELETE CASCADE ON UPDATE CASCADE,
  CONSTRAINT `products_ibfk_2` FOREIGN KEY (`providerId`) REFERENCES `providers` (`id`) ON DELETE CASCADE ON UPDATE CASCADE
) ENGINE=InnoDB DEFAULT CHARSET=utf8mb4 COLLATE=utf8mb4_unicode_ci;
/*!40101 SET character_set_client = @saved_cs_client */;

--
-- Dumping data for table `Products`
--

LOCK TABLES `Products` WRITE;
/*!40000 ALTER TABLE `Products` DISABLE KEYS */;
INSERT INTO `Products` VALUES ('0ec874f2-532a-43f5-9272-040c3dff6301','iPad Mini 5 512GB 5G - Chính hãng VN','https://res.cloudinary.com/dkkh1gtoj/image/upload/v1698046131/viettaiit-ecommerce/products/tstba5ux0xinmnc7oasj.jpg','ipad-mini-5-512gb-5g-chinh-hang-vn','Được hỗ trợ 1 đổi 1 trong 30 ngày nếu có lỗi từ nhà sản xuất',12,12000000,'5102c8b2-1dd5-481a-96e7-d61250f2ea05','8f24916a-cf31-4b04-a2e3-95d4d8abaa12','2023-10-23 07:30:23','2023-10-23 07:30:23'),('1d68e97a-5d7e-4dc4-b06e-bb3cda07a25e','Macbook Pro 13 inch M1 LATE 2020 256GB - New seal Hàng Chính Hãng VN - (MGN63 - MGN93 - MGND3)','https://res.cloudinary.com/dkkh1gtoj/image/upload/v1698045767/viettaiit-ecommerce/products/5_qnr84q.webp','macbook-pro-13-inch-m1-late-2020-256gb-new-seal-hang-chinh-hang-vn-mgn63-mgn93-mgnd3','Được hỗ trợ 1 đổi 1 trong 7 ngày nếu có lỗi từ nhà sản xuất',12,23000000,'4dfe0b0c-eece-477e-aa19-2c15b51d1faa','8f24916a-cf31-4b04-a2e3-95d4d8abaa12','2023-10-23 06:50:55','2023-10-23 06:50:55'),('359b3c98-b1ad-4baa-b490-50f868a94e7b','Apple Watch S7 2022 LTE 44mm - Chính hãng VN/A','https://res.cloudinary.com/dkkh1gtoj/image/upload/v1698044362/viettaiit-ecommerce/products/gnr1ldapd9l6ufy6gdh6.jpg','apple-watch-s7-2022-lte-44mm-chinh-hang-vna','Được hỗ trợ 1 đổi 1 trong 30 ngày nếu có lỗi từ nhà sản xuất',0,16000000,'052c5089-4a6c-4d0a-b439-ef4e957df1b8','8f24916a-cf31-4b04-a2e3-95d4d8abaa12','2023-10-23 07:00:54','2023-10-23 07:00:54'),('40d53b02-37ec-406c-9500-21f8f2a2b0c4','Macbook Air 13 inch M1 LATE 2020 256GB - New seal Hàng Chính Hãng VN - (MGN63 - MGN93 - MGND3)','https://res.cloudinary.com/dkkh1gtoj/image/upload/v1698043720/viettaiit-ecommerce/products/y5oupgta3kyjkm7iihzb.jpg','macbook-air-13-inch-m1-late-2020-256gb-new-seal-hang-chinh-hang-vn-mgn63-mgn93-mgnd3','Được hỗ trợ 1 đổi 1 trong 7 ngày nếu có lỗi từ nhà sản xuất',12,32490000,'4dfe0b0c-eece-477e-aa19-2c15b51d1faa','8f24916a-cf31-4b04-a2e3-95d4d8abaa12','2023-10-23 06:50:12','2023-10-23 06:50:12'),('516d7068-03c7-45b9-8fa6-e1969322d3a9','iPhone 14 256GB - Chính hãng VN','https://res.cloudinary.com/dkkh1gtoj/image/upload/v1698043166/viettaiit-ecommerce/products/czvuktxxqpbwhztqvdfj.jpg','iphone-14-256gb-chinh-hang-vn','Được hỗ trợ 1 đổi 1 trong 30 ngày nếu có lỗi từ nhà sản xuất',12,32490000,'f47ac10b-58cc-4372-a567-0e02b2c3d479','8f24916a-cf31-4b04-a2e3-95d4d8abaa12','2023-10-23 06:40:58','2023-10-23 06:40:58'),('6e00e2cc-aa40-415a-bd74-bf4be9e1f07e','iPhone 12 Plus 512GB - Chính hãng VNA','https://res.cloudinary.com/dkkh1gtoj/image/upload/v1698043636/viettaiit-ecommerce/products/hc626ehjmuq92hghtdav.jpg','iphone-12-plus-512gb-chinh-hang-vna','Được hỗ trợ 1 đổi 1 trong 30 ngày nếu có lỗi từ nhà sản xuất',2,12000000,'f47ac10b-58cc-4372-a567-0e02b2c3d479','8f24916a-cf31-4b04-a2e3-95d4d8abaa12','2023-10-23 06:48:48','2023-10-23 06:48:48'),('6ff07fad-34c7-4c82-b173-f84044f6f595','iPhone 14 Plus 512GB - Chính hãng VNA','https://res.cloudinary.com/dkkh1gtoj/image/upload/v1698043488/viettaiit-ecommerce/products/iqvyxcmcekg8shbgsbid.jpg','iphone-14-plus-512gb-chinh-hang-vna','Được hỗ trợ 1 đổi 1 trong 30 ngày nếu có lỗi từ nhà sản xuất',12,32490000,'f47ac10b-58cc-4372-a567-0e02b2c3d479','8f24916a-cf31-4b04-a2e3-95d4d8abaa12','2023-10-23 06:46:20','2023-10-23 06:46:20'),('716bb738-3faa-4779-8065-67f200850004','Apple Watch Ultra 2022 LTE 44mm - Chính hãng VN/A','https://res.cloudinary.com/dkkh1gtoj/image/upload/v1698044394/viettaiit-ecommerce/products/hkunzihimmxyvs60xpyx.jpg','apple-watch-ultra-2022-lte-44mm-chinh-hang-vna','Được hỗ trợ 1 đổi 1 trong 30 ngày nếu có lỗi từ nhà sản xuất',12,14000000,'052c5089-4a6c-4d0a-b439-ef4e957df1b8','8f24916a-cf31-4b04-a2e3-95d4d8abaa12','2023-10-23 07:01:27','2023-10-23 07:01:27'),('73902510-5761-4d27-8847-ef0c81bc9e94','Macbook Air M2 13inch 2022 8CPU 10GPU 256GB RAM 8GB Chính hãng VN','https://res.cloudinary.com/dkkh1gtoj/image/upload/v1698045767/viettaiit-ecommerce/products/5_qnr84q.webp','macbook-air-m2-13inch-2022-8cpu-10gpu-256gb-ram-8gb-chinh-hang-vn','Được hỗ trợ 1 đổi 1 trong 7 ngày nếu có lỗi từ nhà sản xuất',0,12000000,'4dfe0b0c-eece-477e-aa19-2c15b51d1faa','8f24916a-cf31-4b04-a2e3-95d4d8abaa12','2023-10-23 06:55:12','2023-10-23 06:55:12'),('73e5047a-3725-4316-9e82-f5c7d9a57e4d','Bộ Cốc + Cáp sạc Baseus 25W Type-C','https://res.cloudinary.com/dkkh1gtoj/image/upload/v1698044676/viettaiit-ecommerce/products/mgkibvv3m9jfdbeflvbp.jpg','bo-coc-cap-sac-baseus-25w-type-c','Được hỗ trợ 1 đổi 1 trong 7 ngày nếu có lỗi từ nhà sản xuất',0,350000,'3f9d74d0-14c9-44d7-80b7-cd2d41104970','8f24916a-cf31-4b04-a2e3-95d4d8abaa12','2023-10-23 07:06:08','2023-10-23 07:06:08'),('78b09bbe-4dee-408d-99b0-bba85b8c8ac5','Macbook Pro M2 13 inch 2022 8CPU 8GPU 256GB RAM 16GB Chính hãng VN','https://res.cloudinary.com/dkkh1gtoj/image/upload/v1698043928/viettaiit-ecommerce/products/tzvrukm08l4tnpd7u7l2.jpg','macbook-pro-m2-13-inch-2022-8cpu-8gpu-256gb-ram-16gb-chinh-hang-vn','Được hỗ trợ 1 đổi 1 trong 7 ngày nếu có lỗi từ nhà sản xuất',1,24000000,'4dfe0b0c-eece-477e-aa19-2c15b51d1faa','8f24916a-cf31-4b04-a2e3-95d4d8abaa12','2023-10-23 06:53:40','2023-10-23 06:53:40'),('7e111ad1-78d6-4ab6-9bb6-fe28dabd65d6','Tai nghe Apple Earpods Lightning Chính Hãng MMTN2ZA','https://res.cloudinary.com/dkkh1gtoj/image/upload/v1698044576/viettaiit-ecommerce/products/qihl2sxqkxp6bnuf2fiz.jpg','tai-nghe-apple-earpods-lightning-chinh-hang-mmtn2za','Được hỗ trợ 1 đổi 1 trong 7 ngày nếu có lỗi từ nhà sản xuất',0,890000,'b39ea7b2-cc38-4dd4-89f4-6c738903b3e0','8f24916a-cf31-4b04-a2e3-95d4d8abaa12','2023-10-23 07:04:27','2023-10-23 07:04:27'),('7fef891d-05d2-43b1-8af6-e7e28519fbf3','iPad Air 5 512GB 5G - Chính hãng VN','https://res.cloudinary.com/dkkh1gtoj/image/upload/v1698046050/viettaiit-ecommerce/products/d9kugj1434xegi2bml7t.jpg','ipad-air-5-512gb-5g-chinh-hang-vn','Được hỗ trợ 1 đổi 1 trong 30 ngày nếu có lỗi từ nhà sản xuất',0,12000000,'5102c8b2-1dd5-481a-96e7-d61250f2ea05','8f24916a-cf31-4b04-a2e3-95d4d8abaa12','2023-10-23 07:29:02','2023-10-23 07:29:02'),('82bfed84-1ed9-466f-905c-5dfa587c3e54','iPhone 13 512GB - Chính hãng VN/A','https://res.cloudinary.com/dkkh1gtoj/image/upload/v1698043331/viettaiit-ecommerce/products/u4mg6kqictzcnhhdvgja.jpg','iphone-13-512gb-chinh-hang-vna','Được hỗ trợ 1 đổi 1 trong 30 ngày nếu có lỗi từ nhà sản xuất',12,30000000,'f47ac10b-58cc-4372-a567-0e02b2c3d479','8f24916a-cf31-4b04-a2e3-95d4d8abaa12','2023-10-23 06:43:43','2023-10-23 06:43:43'),('86d0c145-a9ad-447a-aa9e-13a0510a4a89','iPhone 13 Pro Max 512GB - Chính hãng VNA','https://res.cloudinary.com/dkkh1gtoj/image/upload/v1698043600/viettaiit-ecommerce/products/v6ihbnt0dzlkt1fla4bl.jpg','iphone-13-pro-max-512gb-chinh-hang-vna','Được hỗ trợ 1 đổi 1 trong 30 ngày nếu có lỗi từ nhà sản xuất',0,20000000,'f47ac10b-58cc-4372-a567-0e02b2c3d479','8f24916a-cf31-4b04-a2e3-95d4d8abaa12','2023-10-23 06:48:12','2023-10-23 06:48:12'),('8bf8a508-fe23-416f-88cb-b9e61f8cce86','Ốp lưng MagSafe iPhone 14 Apple Silicone Chính Hãng','https://res.cloudinary.com/dkkh1gtoj/image/upload/v1698044844/viettaiit-ecommerce/products/jkqgmrbwoyxlnqccxdy1.jpg','op-lung-magsafe-iphone-14-apple-silicone-chinh-hang','Được hỗ trợ 1 đổi 1 trong 7 ngày nếu có lỗi từ nhà sản xuất',0,120000,'3f9d74d0-14c9-44d7-80b7-cd2d41104970','8f24916a-cf31-4b04-a2e3-95d4d8abaa12','2023-10-23 07:08:56','2023-10-23 07:08:56'),('93394df3-30c1-4b97-abc0-8ad69cf9909d','Apple Watch S8 2022 LTE 44mm - Chính hãng VN/A','https://res.cloudinary.com/dkkh1gtoj/image/upload/v1698044275/viettaiit-ecommerce/products/g3ffpnjs1jl6aqrztq09.jpg','apple-watch-s8-2022-lte-44mm-chinh-hang-vna','Được hỗ trợ 1 đổi 1 trong 30 ngày nếu có lỗi từ nhà sản xuất',0,15000000,'052c5089-4a6c-4d0a-b439-ef4e957df1b8','8f24916a-cf31-4b04-a2e3-95d4d8abaa12','2023-10-23 06:59:27','2023-10-23 06:59:27'),('9e460cdb-2d33-4995-8f6a-43d37d81c6d0','iPhone 11 512GB - Chính hãng VNA','https://res.cloudinary.com/dkkh1gtoj/image/upload/v1698043439/viettaiit-ecommerce/products/kprugme4flc8vguj4ek2.jpg','iphone-11-512gb-chinh-hang-vna','Được hỗ trợ 1 đổi 1 trong 30 ngày nếu có lỗi từ nhà sản xuất',1,10000000,'f47ac10b-58cc-4372-a567-0e02b2c3d479','8f24916a-cf31-4b04-a2e3-95d4d8abaa12','2023-10-23 06:45:31','2023-10-23 06:45:31'),('9fc01723-ee54-4cfc-94a3-88710d33c639','iPhone 14 Pro Max 512GB - Chính hãng VNA','https://res.cloudinary.com/dkkh1gtoj/image/upload/v1698043566/viettaiit-ecommerce/products/sp29gwmtf5nnecb97ltg.jpg','iphone-14-pro-max-512gb-chinh-hang-vna','Được hỗ trợ 1 đổi 1 trong 30 ngày nếu có lỗi từ nhà sản xuất',12,12000000,'f47ac10b-58cc-4372-a567-0e02b2c3d479','8f24916a-cf31-4b04-a2e3-95d4d8abaa12','2023-10-23 06:47:38','2023-10-23 06:47:38'),('a6f45381-90af-49ce-811d-17a4909d388e','Magic Mouse Multi-Touch 2022 màu Đen - MMMQ3ZA','https://res.cloudinary.com/dkkh1gtoj/image/upload/v1698044716/viettaiit-ecommerce/products/qssx5doleropdkgd0sbr.jpg','magic-mouse-multi-touch-2022-mau-den-mmmq3za','Được hỗ trợ 1 đổi 1 trong 7 ngày nếu có lỗi từ nhà sản xuất',0,250000,'3f9d74d0-14c9-44d7-80b7-cd2d41104970','8f24916a-cf31-4b04-a2e3-95d4d8abaa12','2023-10-23 07:06:47','2023-10-23 07:06:47'),('b929817a-b2dd-4ef8-8be7-e35c47a893f7','Apple Watch S3 2022 LTE 44mm - Chính hãng VN/A','https://res.cloudinary.com/dkkh1gtoj/image/upload/v1698044306/viettaiit-ecommerce/products/s5knbkcrdvpfi0stiqdy.jpg','apple-watch-s3-2022-lte-44mm-chinh-hang-vna','Được hỗ trợ 1 đổi 1 trong 30 ngày nếu có lỗi từ nhà sản xuất',2,10000000,'052c5089-4a6c-4d0a-b439-ef4e957df1b8','8f24916a-cf31-4b04-a2e3-95d4d8abaa12','2023-10-23 06:59:58','2023-10-23 06:59:58'),('ba70e636-2a66-402e-bec6-d50e50763976','iPad 10.2 512GB 5G - Chính hãng VN','https://res.cloudinary.com/dkkh1gtoj/image/upload/v1698046173/viettaiit-ecommerce/products/n16swgulttlew5dzdyvj.jpg','ipad-102-512gb-5g-chinh-hang-vn','Được hỗ trợ 1 đổi 1 trong 30 ngày nếu có lỗi từ nhà sản xuất',0,1900000,'5102c8b2-1dd5-481a-96e7-d61250f2ea05','8f24916a-cf31-4b04-a2e3-95d4d8abaa12','2023-10-23 07:31:05','2023-10-23 07:31:05'),('bb40b3d0-f8ef-4eb7-88b0-3339979a405a','Macbook Air M2 13 inch 2022 8CPU 8GPU 256GB RAM 16GB Chính hãng VN','https://res.cloudinary.com/dkkh1gtoj/image/upload/v1698045767/viettaiit-ecommerce/products/5_qnr84q.webp','macbook-air-m2-13-inch-2022-8cpu-8gpu-256gb-ram-16gb-chinh-hang-vn','Được hỗ trợ 1 đổi 1 trong 7 ngày nếu có lỗi từ nhà sản xuất',12,23000000,'4dfe0b0c-eece-477e-aa19-2c15b51d1faa','8f24916a-cf31-4b04-a2e3-95d4d8abaa12','2023-10-23 06:52:46','2023-10-23 06:52:46'),('bf4b9825-39ac-4e72-a45d-f143464ca1bd','Mac Air M1 13inch 2022 8CPU 10GPU 256GB RAM 8GB Chính hãng VN','https://res.cloudinary.com/dkkh1gtoj/image/upload/v1698043985/viettaiit-ecommerce/products/fa8ctg2zlimnzxpgfrgx.jpg','macbook-air-m1-13inch-2022-8cpu-10gpu-256gb-ram-8gb-chinh-hang-vn','Được hỗ trợ 1 đổi 1 trong 7 ngày nếu có lỗi từ nhà sản xuất',10,30490000,'4dfe0b0c-eece-477e-aa19-2c15b51d1faa','8f24916a-cf31-4b04-a2e3-95d4d8abaa12','2023-10-23 06:54:37','2023-10-23 06:54:37'),('c78609fe-09fe-4c4f-8be6-7ba89c309dc4','Apple Watch SE 2022 LTE 44mm - Chính hãng VN/A','https://res.cloudinary.com/dkkh1gtoj/image/upload/v1698044214/viettaiit-ecommerce/products/ct8us8eplfhzdg20ueme.jpg','apple-watch-se-2022-lte-44mm-chinh-hang-vna','Được hỗ trợ 1 đổi 1 trong 30 ngày nếu có lỗi từ nhà sản xuất',12,12000000,'052c5089-4a6c-4d0a-b439-ef4e957df1b8','8f24916a-cf31-4b04-a2e3-95d4d8abaa12','2023-10-23 06:58:26','2023-10-23 06:58:26'),('d2682d25-17c2-4d9c-ae47-2cab05d3fee5','Apple Watch S6 2022 LTE 44mm - Chính hãng VN/A','https://res.cloudinary.com/dkkh1gtoj/image/upload/v1698044339/viettaiit-ecommerce/products/txzlnuyxvah0zdapnkbj.jpg','apple-watch-s6-2022-lte-44mm-chinh-hang-vna','Được hỗ trợ 1 đổi 1 trong 30 ngày nếu có lỗi từ nhà sản xuất',12,32490000,'052c5089-4a6c-4d0a-b439-ef4e957df1b8','8f24916a-cf31-4b04-a2e3-95d4d8abaa12','2023-10-23 07:00:31','2023-10-23 07:00:31'),('d3b1d4d9-0e26-4b0a-b863-a615bfe7e6be','iPhone 13 256GB - Chính hãng VNA','https://res.cloudinary.com/dkkh1gtoj/image/upload/v1698043229/viettaiit-ecommerce/products/qsbruz8knlibsjgadlae.jpg','iphone-13-256gb-chinh-hang-vna','Được hỗ trợ 1 đổi 1 trong 30 ngày nếu có lỗi từ nhà sản xuất',12,30490000,'f47ac10b-58cc-4372-a567-0e02b2c3d479','8f24916a-cf31-4b04-a2e3-95d4d8abaa12','2023-10-23 06:42:01','2023-10-23 06:42:01'),('d4b7fc10-da2e-4f5f-ab9d-55f4b097baaf','iPhone 12 512GB - Chính hãng VNA','https://res.cloudinary.com/dkkh1gtoj/image/upload/v1698043397/viettaiit-ecommerce/products/d88shtrkemgundpn0giy.jpg','iphone-12-512gb-chinh-hang-vna','Được hỗ trợ 1 đổi 1 trong 30 ngày nếu có lỗi từ nhà sản xuất',1,20000000,'f47ac10b-58cc-4372-a567-0e02b2c3d479','8f24916a-cf31-4b04-a2e3-95d4d8abaa12','2023-10-23 06:44:49','2023-10-23 06:44:49'),('f66456a5-064e-46f7-bc99-e5c0b83388de','iPad Pro 5 512GB 5G - Chính hãng VN','https://res.cloudinary.com/dkkh1gtoj/image/upload/v1698046090/viettaiit-ecommerce/products/skfqfh6bnv4tj6ik7pzr.jpg','ipad-pro-5-512gb-5g-chinh-hang-vn','Được hỗ trợ 1 đổi 1 trong 30 ngày nếu có lỗi từ nhà sản xuất',0,15000000,'5102c8b2-1dd5-481a-96e7-d61250f2ea05','8f24916a-cf31-4b04-a2e3-95d4d8abaa12','2023-10-23 07:29:42','2023-10-23 07:29:42'),('ff4b52f7-f238-437a-a7eb-8afb902352e4','iPhone 14 Pro 512GB - Chính hãng VNA','https://res.cloudinary.com/dkkh1gtoj/image/upload/v1698043531/viettaiit-ecommerce/products/x0t5klsijtgwez3y8yne.jpg','iphone-14-pro-512gb-chinh-hang-vna','Được hỗ trợ 1 đổi 1 trong 30 ngày nếu có lỗi từ nhà sản xuất',10,32490000,'f47ac10b-58cc-4372-a567-0e02b2c3d479','8f24916a-cf31-4b04-a2e3-95d4d8abaa12','2023-10-23 06:47:03','2023-10-23 06:47:03');
/*!40000 ALTER TABLE `Products` ENABLE KEYS */;
UNLOCK TABLES;

--
-- Table structure for table `Providers`
--

DROP TABLE IF EXISTS `Providers`;
/*!40101 SET @saved_cs_client     = @@character_set_client */;
/*!50503 SET character_set_client = utf8mb4 */;
CREATE TABLE `Providers` (
  `id` char(36) CHARACTER SET utf8mb4 COLLATE utf8mb4_bin NOT NULL,
  `providerName` enum('Apple','Samsung','Oppo','Xiaomi') CHARACTER SET utf8mb4 COLLATE utf8mb4_unicode_ci NOT NULL,
  `createdAt` datetime DEFAULT NULL,
  `updatedAt` datetime DEFAULT NULL,
  PRIMARY KEY (`id`),
  UNIQUE KEY `providerName` (`providerName`)
) ENGINE=InnoDB DEFAULT CHARSET=utf8mb4 COLLATE=utf8mb4_unicode_ci;
/*!40101 SET character_set_client = @saved_cs_client */;

--
-- Dumping data for table `Providers`
--

LOCK TABLES `Providers` WRITE;
/*!40000 ALTER TABLE `Providers` DISABLE KEYS */;
INSERT INTO `Providers` VALUES ('8f24916a-cf31-4b04-a2e3-95d4d8abaa12','Apple',NULL,NULL);
/*!40000 ALTER TABLE `Providers` ENABLE KEYS */;
UNLOCK TABLES;

--
-- Table structure for table `SequelizeMeta`
--

DROP TABLE IF EXISTS `SequelizeMeta`;
/*!40101 SET @saved_cs_client     = @@character_set_client */;
/*!50503 SET character_set_client = utf8mb4 */;
CREATE TABLE `SequelizeMeta` (
  `name` varchar(255) CHARACTER SET utf8mb3 COLLATE utf8mb3_unicode_ci NOT NULL,
  PRIMARY KEY (`name`),
  UNIQUE KEY `name` (`name`)
) ENGINE=InnoDB DEFAULT CHARSET=utf8mb3 COLLATE=utf8mb3_unicode_ci;
/*!40101 SET character_set_client = @saved_cs_client */;

--
-- Dumping data for table `SequelizeMeta`
--

LOCK TABLES `SequelizeMeta` WRITE;
/*!40000 ALTER TABLE `SequelizeMeta` DISABLE KEYS */;
INSERT INTO `SequelizeMeta` VALUES ('a1-user.js'),('a2-token-user.js'),('a3-a-provider.js'),('a3-category.js'),('a4-products.js'),('a5-user-review.js'),('a6-address.js'),('a7-color.js'),('a8-product-item.js'),('a9-cache.js'),('b1-shopping-cart.js'),('b2-shopping-cart-item.js'),('b5-order-status.js'),('b7-shop-order.js'),('b8-order-line.js');
/*!40000 ALTER TABLE `SequelizeMeta` ENABLE KEYS */;
UNLOCK TABLES;

--
-- Table structure for table `ShopOrders`
--

DROP TABLE IF EXISTS `ShopOrders`;
/*!40101 SET @saved_cs_client     = @@character_set_client */;
/*!50503 SET character_set_client = utf8mb4 */;
CREATE TABLE `ShopOrders` (
  `id` char(36) CHARACTER SET utf8mb4 COLLATE utf8mb4_bin NOT NULL,
  `orderDate` datetime DEFAULT '2023-10-23 07:42:45',
  `orderTotal` int NOT NULL,
  `status` enum('pending','delivering','canceled','completed') CHARACTER SET utf8mb4 COLLATE utf8mb4_unicode_ci DEFAULT 'pending',
  `userId` char(36) CHARACTER SET utf8mb4 COLLATE utf8mb4_bin NOT NULL,
  `addressId` char(36) CHARACTER SET utf8mb4 COLLATE utf8mb4_bin NOT NULL,
  `createdAt` datetime DEFAULT NULL,
  `updatedAt` datetime DEFAULT NULL,
  PRIMARY KEY (`id`),
  KEY `userId` (`userId`),
  KEY `addressId` (`addressId`),
  CONSTRAINT `shoporders_ibfk_1` FOREIGN KEY (`userId`) REFERENCES `users` (`id`) ON DELETE CASCADE ON UPDATE CASCADE,
  CONSTRAINT `shoporders_ibfk_2` FOREIGN KEY (`addressId`) REFERENCES `addresses` (`id`) ON DELETE CASCADE ON UPDATE CASCADE
) ENGINE=InnoDB DEFAULT CHARSET=utf8mb4 COLLATE=utf8mb4_unicode_ci;
/*!40101 SET character_set_client = @saved_cs_client */;

--
-- Dumping data for table `ShopOrders`
--

LOCK TABLES `ShopOrders` WRITE;
/*!40000 ALTER TABLE `ShopOrders` DISABLE KEYS */;
/*!40000 ALTER TABLE `ShopOrders` ENABLE KEYS */;
UNLOCK TABLES;

--
-- Table structure for table `ShoppingCartItems`
--

DROP TABLE IF EXISTS `ShoppingCartItems`;
/*!40101 SET @saved_cs_client     = @@character_set_client */;
/*!50503 SET character_set_client = utf8mb4 */;
CREATE TABLE `ShoppingCartItems` (
  `id` char(36) CHARACTER SET utf8mb4 COLLATE utf8mb4_bin NOT NULL,
  `qty` int NOT NULL,
  `cartId` char(36) CHARACTER SET utf8mb4 COLLATE utf8mb4_bin NOT NULL,
  `productItemId` char(36) CHARACTER SET utf8mb4 COLLATE utf8mb4_bin NOT NULL,
  `createdAt` datetime DEFAULT NULL,
  `updatedAt` datetime DEFAULT NULL,
  PRIMARY KEY (`id`),
  UNIQUE KEY `unique_tag` (`cartId`,`productItemId`),
  KEY `productItemId` (`productItemId`),
  CONSTRAINT `shoppingcartitems_ibfk_1` FOREIGN KEY (`cartId`) REFERENCES `shoppingCarts` (`id`) ON DELETE CASCADE ON UPDATE CASCADE,
  CONSTRAINT `shoppingcartitems_ibfk_2` FOREIGN KEY (`productItemId`) REFERENCES `productItems` (`id`) ON DELETE CASCADE ON UPDATE CASCADE
) ENGINE=InnoDB DEFAULT CHARSET=utf8mb4 COLLATE=utf8mb4_unicode_ci;
/*!40101 SET character_set_client = @saved_cs_client */;

--
-- Dumping data for table `ShoppingCartItems`
--

LOCK TABLES `ShoppingCartItems` WRITE;
/*!40000 ALTER TABLE `ShoppingCartItems` DISABLE KEYS */;
INSERT INTO `ShoppingCartItems` VALUES ('21918e27-4de1-412f-9542-60acfbfbe52e',2,'b534b504-5950-4d34-aee5-16d8274f8fbc','bbb8fd49-d41f-47cf-9b72-f0e0a13efc91','2023-11-12 20:17:47','2023-11-12 20:17:47'),('2e573314-f929-4b52-9886-573d438d9d80',26,'5727569f-946e-4ac5-b2e2-4ea94dff659f','bbb8fd49-d41f-47cf-9b72-f0e0a13efc91','2023-11-12 18:33:42','2023-11-12 20:17:36'),('36d7b74b-f44a-4a4e-bc97-709e202ea590',9,'b534b504-5950-4d34-aee5-16d8274f8fbc','25a3cab4-b0a6-432d-84bb-bc48ad1fa84e','2023-11-12 20:18:39','2023-11-12 20:34:47'),('fa610fd5-a608-4807-981e-6e6851787409',8,'b534b504-5950-4d34-aee5-16d8274f8fbc','9c81677f-c778-42e6-b4c4-a9fa1d3c4d2a','2023-11-12 20:22:10','2023-11-12 20:22:13');
/*!40000 ALTER TABLE `ShoppingCartItems` ENABLE KEYS */;
UNLOCK TABLES;

--
-- Table structure for table `ShoppingCarts`
--

DROP TABLE IF EXISTS `ShoppingCarts`;
/*!40101 SET @saved_cs_client     = @@character_set_client */;
/*!50503 SET character_set_client = utf8mb4 */;
CREATE TABLE `ShoppingCarts` (
  `id` char(36) CHARACTER SET utf8mb4 COLLATE utf8mb4_bin NOT NULL,
  `userId` char(36) CHARACTER SET utf8mb4 COLLATE utf8mb4_bin NOT NULL,
  `createdAt` datetime DEFAULT NULL,
  `updatedAt` datetime DEFAULT NULL,
  PRIMARY KEY (`id`),
  KEY `userId` (`userId`),
  CONSTRAINT `shoppingcarts_ibfk_1` FOREIGN KEY (`userId`) REFERENCES `users` (`id`) ON DELETE CASCADE ON UPDATE CASCADE
) ENGINE=InnoDB DEFAULT CHARSET=utf8mb4 COLLATE=utf8mb4_unicode_ci;
/*!40101 SET character_set_client = @saved_cs_client */;

--
-- Dumping data for table `ShoppingCarts`
--

LOCK TABLES `ShoppingCarts` WRITE;
/*!40000 ALTER TABLE `ShoppingCarts` DISABLE KEYS */;
INSERT INTO `ShoppingCarts` VALUES ('5727569f-946e-4ac5-b2e2-4ea94dff659f','b3a6a303-05ec-4e0b-b561-f011960c4498','2023-11-12 18:33:42','2023-11-12 18:33:42'),('b534b504-5950-4d34-aee5-16d8274f8fbc','77c5eafa-1543-49b7-95c6-a2824c0440d4','2023-11-12 20:17:47','2023-11-12 20:17:47');
/*!40000 ALTER TABLE `ShoppingCarts` ENABLE KEYS */;
UNLOCK TABLES;

--
-- Table structure for table `TokenUsers`
--

DROP TABLE IF EXISTS `TokenUsers`;
/*!40101 SET @saved_cs_client     = @@character_set_client */;
/*!50503 SET character_set_client = utf8mb4 */;
CREATE TABLE `TokenUsers` (
  `id` char(36) CHARACTER SET utf8mb4 COLLATE utf8mb4_bin NOT NULL,
  `ip` varchar(255) CHARACTER SET utf8mb4 COLLATE utf8mb4_unicode_ci NOT NULL,
  `userAgent` varchar(255) CHARACTER SET utf8mb4 COLLATE utf8mb4_unicode_ci NOT NULL,
  `refreshToken` varchar(255) CHARACTER SET utf8mb4 COLLATE utf8mb4_unicode_ci NOT NULL,
  `isValid` tinyint(1) DEFAULT '1',
  `userId` char(36) CHARACTER SET utf8mb4 COLLATE utf8mb4_bin NOT NULL,
  `createdAt` datetime DEFAULT NULL,
  `updatedAt` datetime DEFAULT NULL,
  PRIMARY KEY (`id`),
  KEY `userId` (`userId`),
  CONSTRAINT `tokenusers_ibfk_1` FOREIGN KEY (`userId`) REFERENCES `Users` (`id`) ON DELETE CASCADE ON UPDATE CASCADE
) ENGINE=InnoDB DEFAULT CHARSET=utf8mb4 COLLATE=utf8mb4_unicode_ci;
/*!40101 SET character_set_client = @saved_cs_client */;

--
-- Dumping data for table `TokenUsers`
--

LOCK TABLES `TokenUsers` WRITE;
/*!40000 ALTER TABLE `TokenUsers` DISABLE KEYS */;
INSERT INTO `TokenUsers` VALUES ('2e350d69-788c-415c-aea6-9ed702061d48','::1','PostmanRuntime/7.34.0','2a796013123beec40a8f20a7336ce17adb3de308f32333a2e2f1b058cde85516a9e848c2cbd69487ddff5d6283f15a052075426ae8eed99a5077f5c8',1,'b3a6a303-05ec-4e0b-b561-f011960c4498','2023-11-12 18:21:21','2023-11-12 18:21:21'),('c0f8a71a-706c-4912-8c93-1014e56b60aa','::1','PostmanRuntime/7.35.0','70e17282744893ce0235c62cb05b91eb616e0298e74979e16dc734ea3de4fd10d225f832b173204218d75663058751a559da325722bb451dfc384235',1,'77c5eafa-1543-49b7-95c6-a2824c0440d4','2023-11-12 20:34:44','2023-11-12 20:34:44');
/*!40000 ALTER TABLE `TokenUsers` ENABLE KEYS */;
UNLOCK TABLES;

--
-- Table structure for table `UserReviews`
--

DROP TABLE IF EXISTS `UserReviews`;
/*!40101 SET @saved_cs_client     = @@character_set_client */;
/*!50503 SET character_set_client = utf8mb4 */;
CREATE TABLE `UserReviews` (
  `id` char(36) CHARACTER SET utf8mb4 COLLATE utf8mb4_bin NOT NULL,
  `ratingValue` int NOT NULL DEFAULT '1',
  `comment` varchar(255) CHARACTER SET utf8mb4 COLLATE utf8mb4_unicode_ci NOT NULL,
  `userId` char(36) CHARACTER SET utf8mb4 COLLATE utf8mb4_bin NOT NULL,
  `productId` char(36) CHARACTER SET utf8mb4 COLLATE utf8mb4_bin NOT NULL,
  `createdAt` datetime DEFAULT NULL,
  `updatedAt` datetime DEFAULT NULL,
  PRIMARY KEY (`id`),
  UNIQUE KEY `unique_tag` (`userId`,`productId`),
  KEY `productId` (`productId`),
  CONSTRAINT `userreviews_ibfk_1` FOREIGN KEY (`userId`) REFERENCES `users` (`id`) ON DELETE CASCADE ON UPDATE CASCADE,
  CONSTRAINT `userreviews_ibfk_2` FOREIGN KEY (`productId`) REFERENCES `products` (`id`) ON DELETE CASCADE ON UPDATE CASCADE
) ENGINE=InnoDB DEFAULT CHARSET=utf8mb4 COLLATE=utf8mb4_unicode_ci;
/*!40101 SET character_set_client = @saved_cs_client */;

--
-- Dumping data for table `UserReviews`
--

LOCK TABLES `UserReviews` WRITE;
/*!40000 ALTER TABLE `UserReviews` DISABLE KEYS */;
/*!40000 ALTER TABLE `UserReviews` ENABLE KEYS */;
UNLOCK TABLES;

--
-- Table structure for table `Users`
--

DROP TABLE IF EXISTS `Users`;
/*!40101 SET @saved_cs_client     = @@character_set_client */;
/*!50503 SET character_set_client = utf8mb4 */;
CREATE TABLE `Users` (
  `id` char(36) CHARACTER SET utf8mb4 COLLATE utf8mb4_bin NOT NULL,
  `name` varchar(255) CHARACTER SET utf8mb4 COLLATE utf8mb4_unicode_ci NOT NULL,
  `email` varchar(255) CHARACTER SET utf8mb4 COLLATE utf8mb4_unicode_ci NOT NULL,
  `password` varchar(255) CHARACTER SET utf8mb4 COLLATE utf8mb4_unicode_ci NOT NULL,
  `role` enum('admin','client') CHARACTER SET utf8mb4 COLLATE utf8mb4_unicode_ci DEFAULT 'client',
  `isVerified` tinyint(1) DEFAULT '0',
  `isBlocked` tinyint(1) DEFAULT '0',
  `verifiedDate` datetime DEFAULT NULL,
  `verificationToken` varchar(255) CHARACTER SET utf8mb4 COLLATE utf8mb4_unicode_ci DEFAULT NULL,
  `passwordToken` varchar(255) CHARACTER SET utf8mb4 COLLATE utf8mb4_unicode_ci DEFAULT NULL,
  `passwordTokenExpire` datetime DEFAULT NULL,
  `createdAt` datetime DEFAULT NULL,
  `updatedAt` datetime DEFAULT NULL,
  PRIMARY KEY (`id`)
) ENGINE=InnoDB DEFAULT CHARSET=utf8mb4 COLLATE=utf8mb4_unicode_ci;
/*!40101 SET character_set_client = @saved_cs_client */;

--
-- Dumping data for table `Users`
--

LOCK TABLES `Users` WRITE;
/*!40000 ALTER TABLE `Users` DISABLE KEYS */;
INSERT INTO `Users` VALUES ('43a21538-6981-493f-aa9d-99e5aac673bb','admin','admin@gmail.com','$2a$10$H3StP.pXYjnvLWRpm532oOPtOCHaTjj/0KT1NvKp6KpMJ9DZQuT92','admin',1,0,'2023-08-05 13:43:09',NULL,NULL,NULL,NULL,NULL),('49612e0f-87fb-4338-9d6a-9fa7a7afc842','viettaii2003','viettaii2003@gmail.com','$2a$10$H3StP.pXYjnvLWRpm532oOPtOCHaTjj/0KT1NvKp6KpMJ9DZQuT92','client',1,0,'2023-08-05 13:43:09',NULL,NULL,NULL,NULL,NULL),('77c5eafa-1543-49b7-95c6-a2824c0440d4','user1','user1@gmail.com','$2a$10$H3StP.pXYjnvLWRpm532oOPtOCHaTjj/0KT1NvKp6KpMJ9DZQuT92','client',1,0,'2023-08-05 13:43:09',NULL,NULL,NULL,NULL,NULL),('94a418de-e373-4fa6-a7f0-0e9c60ed80f6','test','test@gmail.com','$2a$10$H3StP.pXYjnvLWRpm532oOPtOCHaTjj/0KT1NvKp6KpMJ9DZQuT92','client',1,0,'2023-08-05 13:43:09',NULL,NULL,NULL,NULL,NULL),('b3a6a303-05ec-4e0b-b561-f011960c4498','user2','user2@gmail.com','$2a$10$H3StP.pXYjnvLWRpm532oOPtOCHaTjj/0KT1NvKp6KpMJ9DZQuT92','client',1,0,'2023-08-05 13:43:09',NULL,NULL,NULL,NULL,NULL),('e9fa32cc-e7fc-40cd-88a5-c29abe4e296b','REO IT','viettaixca123@gmail.com','$2a$10$HNsIh46lSlDN6uUyDVmyw.NZguoo5aDjmvfMQXm3HgvXhcurQGAK6','client',1,0,'2023-10-29 20:42:10',NULL,NULL,NULL,'2023-10-29 20:42:10','2023-10-29 20:42:10');
/*!40000 ALTER TABLE `Users` ENABLE KEYS */;
UNLOCK TABLES;
/*!40103 SET TIME_ZONE=@OLD_TIME_ZONE */;

/*!40101 SET SQL_MODE=@OLD_SQL_MODE */;
/*!40014 SET FOREIGN_KEY_CHECKS=@OLD_FOREIGN_KEY_CHECKS */;
/*!40014 SET UNIQUE_CHECKS=@OLD_UNIQUE_CHECKS */;
/*!40101 SET CHARACTER_SET_CLIENT=@OLD_CHARACTER_SET_CLIENT */;
/*!40101 SET CHARACTER_SET_RESULTS=@OLD_CHARACTER_SET_RESULTS */;
/*!40101 SET COLLATION_CONNECTION=@OLD_COLLATION_CONNECTION */;
/*!40111 SET SQL_NOTES=@OLD_SQL_NOTES */;

-- Dump completed on 2024-05-05 12:34:46
